Designation,Dead Load kN/m,Area mm²,Ix 10? mm?,Sx 10³ mm³,rx mm,Zx 10³ mm³,Iy 10? mm?,Sy 10³ mm³,ry mm,Zy 10³ mm³,J 10³ mm?,Cw 10? mm?,Nominal Mass kg/m,Theoretical Mass kg/m,Depth d mm,Flange Width b mm,Flange Thickness t mm,Web Thickness w mm,a mm,T mm,k mm,k1 mm,d-2t mm,Surface Area Total m²/m,Surface Area Minus Top Flange m²/m,Imperial Designation
W1100x499,4.89,63500,12900,23100,451,26600,500,2470,88.7,3870,31100,144000,499,498.6,1118,405,45,26,190,965,77,43,1028,3.8,3.4,W44x335
W1100x433,4.24,55100,11300,20300,452,23200,434,2160,88.7,3360,21200,124000,433,432.7,1108,402,40,22,190,965,72,41,1028,3.78,3.38,W44x290
W1100x390,3.83,49700,10100,18300,450,20800,385,1920,88,2990,15600,109000,390,390.2,1100,400,36,20,190,965,68,40,1028,3.76,3.36,W44x262
W1100x343,3.36,43600,8670,15900,446,18100,331,1660,87.1,2570,10300,92900,343,342.6,1090,400,31,18,191,965,63,39,1028,3.74,3.34,W44x230
W1000x976,9.56,124300,23500,42400,435,50300,1190,5540,97.7,8840,244000,307000,976,974.5,1108,428,89.9,50,189,865,121,55,928,3.83,3.4,W40x655
W1000x883,8.66,112500,21000,38400,432,45300,1050,4950,96.6,7870,185000,268000,883,883.4,1092,424,82,45.5,189,865,114,53,928,3.79,3.37,W40x593
W1000x748,7.34,95300,17300,32400,426,37900,851,4080,94.5,6460,116000,212000,748,748.5,1068,417,70,39,189,865,102,50,928,3.73,3.31,W40x503
W1000x642,6.29,81800,14500,27700,421,32100,703,3410,92.7,5380,73800,172000,642,641.9,1048,412,60,34,189,865,92,47,928,3.68,3.26,W40x431
W1000x591,5.79,75300,13300,25600,421,29500,640,3130,92.2,4920,59000,155000,591,590.9,1040,409,55.9,31,189,865,87,46,928,3.65,3.25,W40x397
W1000x554,5.43,70600,12300,23900,418,27500,591,2900,91.5,4550,48300,142000,554,554.1,1032,408,52,29.5,189,865,84,45,928,3.64,3.23,W40x372
W1000x539,5.29,68700,12000,23400,418,26800,576,2830,91.6,4440,45300,138000,539,539.4,1030,407,51.1,28.4,189,865,83,44,928,3.63,3.22,W40x362
W1000x483,4.74,61500,10700,20900,417,23900,507,2510,90.8,3920,33100,120000,483,482.9,1020,404,46,25.4,189,865,78,43,928,3.61,3.2,W40x324
W1000x443,4.34,56400,9670,19100,414,21800,455,2260,89.8,3530,25400,107000,443,442.5,1012,402,41.9,23.6,189,865,73,42,928,3.58,3.18,W40x297
W1000x412,4.04,52500,9100,18100,416,20500,434,2160,90.9,3350,21400,102000,412,412.2,1008,402,40,21.1,190,865,72,41,928,3.58,3.18,W40x277
W1000x371,3.64,47300,8140,16300,415,18400,386,1930,90.3,2980,15900,89600,371,371.2,1000,400,36.1,19,191,865,68,40,928,3.56,3.16,W40x249
W1000x321,3.15,40800,6960,14100,413,15800,331,1660,90,2550,10300,76100,321,320.9,990,400,31,16.5,192,865,63,38,928,3.55,3.15,W40x215
W1000x296,2.91,37700,6200,12600,405,14300,290,1450,87.6,2240,7840,66000,296,296.4,982,400,27.1,16.5,192,865,59,38,928,3.53,3.13,W40x199
W1000x584,5.73,74400,12500,23600,409,28000,334,2130,67,3470,71500,82200,584,583.8,1056,314,64,36,139,865,96,48,928,3.3,2.98,W40x392
W1000x494,4.84,62900,10300,19800,404,23400,268,1740,65.3,2820,44000,64700,494,493.9,1036,309,54,31,139,865,86,46,928,3.25,2.94,W40x331
W1000x486,4.77,61900,10200,19700,406,23200,266,1730,65.5,2790,42900,64100,486,486.2,1036,308,54.1,30,139,865,86,45,928,3.24,2.94,W40x327
W1000x438,4.28,55600,9090,17700,404,20700,234,1530,64.8,2460,31800,55700,438,436.7,1026,305,49,26.9,139,865,81,43,928,3.22,2.91,W40x294
W1000x415,4.07,52800,8530,16700,402,19600,217,1430,64.1,2300,27000,51500,415,415,1020,304,46,26,139,865,78,43,928,3.2,2.9,W40x278
W1000x393,3.85,50100,8080,15900,402,18500,205,1350,64,2170,23300,48400,393,392.7,1016,303,43.9,24.4,139,865,75,42,928,3.2,2.89,W40x264
W1000x350,3.43,44600,7230,14300,403,16600,185,1220,64.4,1940,17200,43200,350,349.4,1008,302,40,21.1,140,865,72,41,928,3.18,2.88,W40x235
W1000x314,3.08,40000,6440,12900,401,14900,162,1080,63.7,1710,12600,37700,314,314.3,1000,300,35.9,19.1,140,865,67,40,928,3.16,2.86,W40x211
W1000x272,2.67,34600,5540,11200,400,12800,140,933,63.5,1470,8350,32200,272,272.3,990,300,31,16.5,142,865,63,38,928,3.15,2.85,W40x183
W1000x249,2.44,31700,4810,9820,390,11300,118,783,60.9,1240,5820,26700,249,248.7,980,300,26,16.5,142,865,58,38,928,3.13,2.83,W40x167
W1000x222,2.18,28200,4080,8410,380,9800,95.4,636,58.1,1020,3900,21500,222,222,970,300,21.1,16,142,865,53,38,928,3.11,2.81,W40x149
W920x1377,13.5,175400,30300,55500,416,67600,2060,8720,108,14200,596000,493000,1377,1376.7,1093,473,115.1,76.7,198,800,147,68,863,3.92,3.45,W36x925
W920x1269,12.4,161700,29000,53000,423,63900,1900,8240,108,13100,514000,454000,1269,1269,1093,461,115.1,64,199,800,147,62,863,3.9,3.44,W36x853
W920x1194,11.7,152200,26900,49800,421,59800,1750,7660,107,12200,435000,413000,1194,1194.4,1081,457,109,60.5,198,800,141,60,863,3.87,3.41,W36x802
W920x1077,10.6,137200,23800,44800,416,53400,1530,6770,106,10700,326000,353000,1077,1076.6,1061,451,99.1,55,198,800,131,58,863,3.82,3.37,W36x723
W920x970,9.52,123700,21000,40300,412,47700,1340,6000,104,9490,243000,304000,970,970.7,1043,446,89.9,50,198,800,121,55,863,3.77,3.32,W36x652
W920x787,7.71,100400,16500,32600,405,38000,1030,4730,102,7420,134000,227000,787,786.6,1011,437,73.9,40.9,198,800,105,50,863,3.69,3.25,W36x529
W920x725,7.1,92400,14900,29900,402,34700,93.2,4290,100,6730,106000,202000,725,724.5,999,434,68.1,38.1,198,800,100,49,863,3.66,3.22,W36x487
W920x656,6.43,83700,13400,27100,400,31300,83,3850,99.7,6020,79500,178000,656,655.7,987,431,62,34.5,198,800,94,47,863,3.63,3.2,W36x441
W920x588,5.76,75000,11800,24200,397,27800,72.8,3410,98,5310,58100,154000,588,587.2,975,427,55.9,31,198,800,87,46,863,3.6,3.17,W36x395
W920x537,5.25,68500,10700,22100,395,25300,65.6,3080,98,4790,44500,137000,537,535.8,965,425,51.1,28.4,198,800,83,44,863,3.57,3.15,W36x361
W920x491,4.8,62600,9660,20200,394,23000,59,2800,97.3,4340,34400,122000,491,489.3,957,422,47,25.9,198,800,79,43,863,3.55,3.13,W36x330
W920x449,4.4,57600,8750,18500,391,20900,54,2550,97.2,3950,26300,111000,449,448.5,948,423,42.7,24,200,800,74,42,863,3.54,3.12,W36x302
W920x420,4.11,53500,8130,17300,390,19500,50.1,2370,96.8,3670,21500,102000,420,419.2,943,422,39.9,22.5,200,800,71,41,863,3.53,3.11,W36x282
W920x390,3.81,49700,7420,15800,387,17900,45.3,2160,95.7,3330,16900,91500,390,388,936,420,36.6,21.3,199,800,68,41,863,3.51,3.09,W36x262
W920x368,3.58,46800,6920,14900,386,16800,42.1,2010,95.1,3100,14100,84700,368,365.5,931,419,34.3,20.3,199,799,66,40,862,3.5,3.08,W36x247
W920x344,3.37,43900,6450,13900,384,15700,39,1870,94.5,2880,11600,78100,344,343.2,927,418,32,19.3,199,800,64,40,863,3.49,3.07,W36x231
W920x381,3.74,48600,6960,14600,379,17000,21.9,1410,67.2,2240,21800,45100,381,381.1,951,310,43.9,24.4,143,800,75,42,863,3.09,2.78,W36x256
W920x345,3.38,44000,6250,13300,377,15300,19.5,1270,66.7,2000,16400,39800,345,344.8,943,308,39.9,22.1,143,800,71,41,863,3.07,2.77,W36x232
W920x313,3.06,39900,5480,11800,371,13600,17,1100,65.4,1750,11500,34300,313,312.4,932,309,34.5,21.1,144,800,66,41,863,3.06,2.75,W36x210
W920x289,2.83,36800,5040,10900,370,12500,15.6,1020,65.3,1600,9160,31300,289,288.3,927,308,32,19.4,144,800,64,40,863,3.05,2.74,W36x194
W920x271,2.66,34600,4710,10200,369,11800,14.5,946,64.8,1490,7630,28900,271,271.4,923,307,30,18.4,144,800,62,39,863,3.04,2.73,W36x182
W920x253,2.48,32300,4370,9510,368,10900,13.4,874,64.3,1370,6210,26500,253,253.4,919,306,27.9,17.3,144,800,59,39,863,3.03,2.72,W36x170
W920x238,2.33,30300,4060,8870,366,10200,12.3,806,63.7,1270,5100,24300,238,238,915,305,25.9,16.5,144,800,57,38,863,3.02,2.71,W36x160
W920x223,2.2,28500,3760,8260,363,9520,11.2,738,62.7,1160,4180,22100,223,223.9,911,304,23.9,15.9,144,800,55,38,863,3.01,2.7,W36x150
W920x201,1.97,25600,3250,7190,356,8340,9.44,621,60.7,982,2880,18400,201,201,903,304,20.1,15.2,144,800,52,38,863,2.99,2.69,W36x135
W840x576,5.65,73500,10100,22200,371,25600,67.2,3270,95.7,5100,61700,123000,576,576.6,913,411,57.9,32,190,734,89,46,797,3.41,3,W33x387
W840x527,5.18,67200,9150,20300,369,23300,60.7,2970,95,4620,47800,110000,527,528.2,903,409,53.1,29.5,190,734,85,45,797,3.38,2.97,W33x354
W840x473,4.65,60300,8130,18200,367,20800,53.7,2640,94.3,4100,35100,95800,473,473.8,893,406,48,26.4,190,734,80,43,797,3.36,2.95,W33x318
W840x433,4.25,55200,7360,16600,365,18900,48.4,2390,93.5,3710,27000,85500,433,433.8,885,404,43.9,24.4,190,734,75,42,797,3.34,2.93,W33x291
W840x392,3.85,49900,6600,15000,363,17000,43,2140,92.7,3310,20300,75300,392,392.2,877,401,39.9,22.1,189,734,71,41,797,3.31,2.91,W33x263
W840x359,3.53,45700,5920,13600,359,15400,38.9,1930,92.1,2980,15100,67400,359,359.9,868,403,35.6,21.1,191,734,67,41,797,3.31,2.9,W33x241
W840x329,3.24,41900,5360,12400,357,14000,34.9,1740,91.1,2690,11600,60000,329,330,862,401,32.4,19.7,191,734,64,40,797,3.29,2.89,W33x221
W840x299,2.94,38100,4800,11200,355,12700,31.2,1560,90.4,2410,8660,53200,299,299.9,855,400,29.2,18.2,191,734,61,39,797,3.27,2.87,W33x201
W840x251,2.46,31900,3860,9000,348,10300,12.9,884,63.6,1380,7350,22100,251,250.6,859,292,31,17,138,734,63,39,797,2.85,2.56,W33x169
W840x226,2.22,28800,3400,7990,343,9160,11.4,774,62.8,1210,5140,19300,226,226.6,851,294,26.8,16.1,139,734,58,38,797,2.85,2.55,W33x152
W840x210,2.07,26800,3110,7340,340,8430,10.3,700,61.8,1100,4050,17300,210,210.8,846,293,24.4,15.4,139,734,56,38,797,2.83,2.54,W33x141
W840x193,1.9,24700,2780,6630,336,7620,9.03,618,60.5,971,3050,15100,193,193.5,840,292,21.7,14.7,139,734,53,37,797,2.82,2.53,W33x130
W840x176,1.73,22400,2460,5900,331,6810,7.82,536,59.1,844,2220,13000,176,176,835,292,18.8,14,139,734,50,37,797,2.81,2.52,W33x118
W760x582,5.72,74200,8620,20400,341,23800,64.4,3250,93.2,5080,72200,98300,582,582.9,843,396,62,34.5,181,656,94,47,719,3.2,2.81,W30x391
W760x531,5.21,67600,7770,18600,339,21600,57.8,2940,92.4,4580,55600,87000,531,531.6,833,393,56.9,31.5,181,656,88,46,719,3.18,2.78,W30x357
W760x484,4.76,61700,6990,17000,336,19500,51.7,2650,91.4,4120,42800,76800,484,485.3,823,390,52.1,29,181,656,84,45,719,3.15,2.76,W30x326
W760x434,4.26,55300,6190,15200,334,17400,45.5,2350,90.7,3650,31300,66800,434,434.4,813,387,47,25.9,181,656,79,43,719,3.12,2.74,W30x292
W760x389,3.82,49500,5450,13600,332,15500,39.9,2070,89.8,3210,22500,57800,389,389.2,803,385,41.9,23.6,181,656,73,42,719,3.1,2.71,W30x261
W760x350,3.43,44500,4870,12200,330,13900,35.5,1860,89.1,2870,16800,50800,350,350.3,795,382,38.1,21.1,180,656,70,41,719,3.08,2.69,W30x235
W760x314,3.09,40000,4290,10900,327,12300,31.6,1640,88.7,2540,11800,44700,314,315.3,786,384,33.4,19.7,182,656,65,40,719,3.07,2.68,W30x211
W760x284,2.79,36200,3830,9820,325,11100,28,1470,87.9,2260,8750,39300,284,284.8,779,382,30.1,18,182,656,62,39,719,3.05,2.67,W30x191
W760x257,2.53,32800,3430,8880,323,9970,25,1310,87.2,2020,6510,34800,257,258.5,773,381,27.1,16.6,182,656,59,38,719,3.04,2.66,W30x173
W760x220,2.16,28100,2780,7140,315,8190,9.44,710,58,1110,6050,13200,220,220.2,779,266,30,16.5,125,656,62,38,719,2.59,2.32,W30x148
W760x196,1.93,25100,2400,6240,309,7170,8.17,610,57.1,959,4040,11300,196,196.8,770,268,25.4,15.6,126,656,57,38,719,2.58,2.31,W30x132
W760x185,1.81,23500,2230,5820,308,6690,7.51,563,56.5,884,3330,10300,185,184.8,766,267,23.6,14.9,126,656,55,37,719,2.57,2.3,W30x124
W760x173,1.7,22100,2060,5400,305,6210,6.87,515,55.7,810,2890,9420,173,173.6,762,267,21.6,14.4,126,656,53,37,719,2.56,2.3,W30x116
W760x161,1.57,20500,1860,4900,302,5660,6.07,457,54.5,720,2070,8280,161,160.4,758,266,19.3,13.8,126,656,51,37,719,2.55,2.29,W30x108
W760x147,1.44,18800,1660,4410,298,5100,5.29,399,53.1,631,1560,7160,147,147.1,753,265,17,13.2,126,656,49,37,719,2.54,2.27,W30x99
W760x134,1.31,17000,1500,4010,297,4630,4.77,361,53,568,1180,6430,134,133.2,750,264,15.5,11.9,126,656,47,36,719,2.53,2.27,W30x90
W690x802,7.86,102200,10600,25700,322,30900,87.5,4520,92.6,7140,203000,119000,802,801.4,826,387,89.9,50,169,583,121,55,646,3.1,2.71,W27x539
W690x548,5.38,69800,6730,17400,310,20400,54.3,2920,88.1,4570,70700,68200,548,548.6,772,372,63,35.1,168,583,95,48,646,2.96,2.59,W27x368
W690x500,4.91,63700,6060,15900,308,18500,48.7,2640,87.4,4110,54600,60300,500,500.5,762,369,57.9,32,169,583,89,46,646,2.94,2.57,W27x336
W690x457,4.49,58200,5470,14500,306,16800,43.9,2390,86.7,3720,42300,53600,457,458.2,752,367,53.1,29.5,169,583,85,45,646,2.91,2.55,W27x307
W690x419,4.11,53300,4950,13300,305,15300,39.5,2170,86,3370,33000,47700,419,419.1,744,364,49,26.9,169,583,81,43,646,2.89,2.53,W27x281
W690x384,3.77,48900,4490,12200,303,14000,35.7,1970,85.3,3050,25700,42600,384,384.7,736,362,45,24.9,169,583,77,42,646,2.87,2.51,W27x258
W690x350,3.44,44600,4030,11100,300,12600,31.9,1770,84.4,2740,19500,37600,350,351,728,360,40.9,23.1,168,583,72,42,646,2.85,2.49,W27x235
W690x323,3.18,41100,3710,10300,300,11700,29.4,1640,84.4,2530,15700,34400,323,324.4,722,359,38.1,21.1,169,583,70,41,646,2.84,2.48,W27x217
W690x289,2.83,36800,3260,9140,298,10300,25.6,1440,83.4,2220,11200,29600,289,289.1,714,356,34,19,169,583,66,40,646,2.81,2.46,W27x194
W690x265,2.61,33700,2920,8270,294,9330,23.1,1290,82.7,1990,8340,26400,265,265.7,706,358,30.2,18.4,170,583,62,39,646,2.81,2.45,W27x178
W690x240,2.36,30600,2630,7490,296,8430,20.6,1160,82,1790,6270,23400,240,241.1,701,356,27.4,16.8,170,583,59,38,646,2.79,2.44,W27x161
W690x217,2.15,27700,2360,6790,291,7610,18.5,1040,81.5,1610,4720,20800,217,218.9,695,355,24.8,15.4,170,582,56,38,645,2.78,2.42,W27x146
W690x192,1.88,24400,1980,5640,285,6460,7.64,602,56,941,4610,8680,192,191.4,702,254,27.9,15.5,119,583,59,38,646,2.39,2.14,W27x129
W690x170,1.67,21600,1700,4900,280,5620,6.62,517,55.3,809,3040,7410,170,169.9,693,256,23.6,14.5,121,583,55,37,646,2.38,2.13,W27x114
W690x152,1.49,19400,1510,4380,279,5000,5.78,455,54.6,710,2200,6420,152,152.1,688,254,21.1,13.1,120,583,53,37,646,2.37,2.11,W27x102
W690x140,1.37,17900,1360,3980,276,4550,5.17,407,53.9,636,1670,5720,140,139.8,684,254,18.9,12.4,121,583,50,36,646,2.36,2.11,W27x94
W690x125,1.23,16000,1180,3500,272,4010,4.41,349,52.5,546,1170,4830,125,125.5,678,253,16.3,11.7,121,582,48,36,645,2.34,2.09,W27x84
W610x551,5.4,70200,5570,15700,282,18600,48.4,2790,83,4950,83800,49900,551,551.1,711,347,69.1,38.6,154,510,101,49,573,2.73,2.39,W24x370
W610x498,4.89,63500,4950,14200,279,16700,42.6,2480,81.9,4380,63200,43100,498,498.2,699,343,63,35.1,154,510,95,48,573,2.7,2.36,W24x335
W610x455,4.45,57900,4440,12900,277,15100,38.1,2240,81.1,3980,48800,37900,455,454.1,689,340,57.9,32,154,510,89,46,573,2.67,2.33,W24x306
W610x415,4.07,52900,4000,11800,275,13700,34.3,2030,80.5,3660,37700,33600,415,415.5,679,338,53.1,29.5,154,510,85,45,573,2.65,2.31,W24x279
W610x372,3.65,47400,3530,10600,273,12200,30.2,1800,79.8,3280,27700,29100,372,372.3,669,335,48,26.4,154,510,80,43,573,2.63,2.29,W24x250
W610x341,3.34,43400,3180,9630,271,11100,27.1,1630,79,3010,21300,25800,341,340.4,661,333,43.9,24.4,154,510,75,42,573,2.61,2.27,W24x229
W610x307,3.01,39100,2840,8690,269,9930,24,1450,78.2,2680,15900,22500,307,307.3,653,330,39.9,22.1,154,510,71,41,573,2.58,2.25,W24x207
W610x285,2.8,36100,2610,8060,268,9170,22.1,1340,77.9,2440,12800,20500,285,285.3,647,329,37.1,20.6,154,510,69,40,573,2.57,2.24,W24x192
W610x262,2.56,33300,2360,7360,266,8350,19.8,1210,77.2,2240,9900,18300,262,261.1,641,327,34,19,154,510,66,40,573,2.55,2.23,W24x176
W610x241,2.37,30800,2150,6780,264,7670,18.4,1120,77.4,2070,7700,16800,241,241.7,635,329,31,17.9,156,510,63,39,573,2.55,2.22,W24x162
W610x217,2.14,27700,1910,6070,262,6850,16.3,995,76.7,1870,5600,14700,217,217.9,628,328,27.7,16.6,156,510,59,38,573,2.54,2.21,W24x146
W610x195,1.92,24800,1680,5400,260,6070,14.2,871,75.6,1580,3970,12700,195,195.6,622,327,24.4,15.4,156,510,56,38,573,2.52,2.19,W24x131
W610x174,1.71,22200,1470,4780,257,5360,12.4,761,74.7,1370,2800,10900,174,174.3,616,325,21.6,14,156,510,53,37,573,2.5,2.18,W24x117
W610x155,1.52,19700,1290,4220,256,4730,10.8,666,73.9,1190,1950,9450,155,154.9,611,324,19,12.7,156,510,51,36,573,2.49,2.17,W24x104
W610x153,1.51,19600,1250,4020,253,4600,5,437,50.5,682,2950,4470,153.8,153.6,623,229,24.9,14,108,510,56,37,573,2.13,1.91,W24x103
W610x140,1.37,17900,1120,3630,250,4150,4.51,392,50.3,613,2180,3990,140,140.1,617,230,22.2,13.1,108,510,54,37,573,2.13,1.9,W24x94
W610x125,1.23,15900,985,3220,249,3670,3.93,343,49.7,535,1540,3450,125,125.1,612,229,19.6,11.9,109,510,51,36,573,2.12,1.89,W24x84
W610x113,1.11,14500,875,2880,246,3290,3.43,300,48.7,469,1120,2990,113,113.4,608,228,17.3,11.2,108,510,49,36,573,2.11,1.88,W24x76
W610x101,0.997,13000,764,2530,243,2900,2.99,259,47.7,404,781,2550,101,101.7,603,228,14.9,10.5,109,510,46,35,573,2.1,1.87,W24x68
W610x92,0.905,11700,646,2140,234,2510,1.44,161,35,258,710,1250,92,92.3,603,179,15,10.9,84,528,38,26,573,1.9,1.72,W24x62
W610x82,0.803,10500,560,1870,232,2200,1.21,136,34,218,488,1040,82,81.9,599,178,12.8,10,84,528,35,26,573,1.89,1.71,W24x55
W530x409,4.01,52200,3170,10300,247,12100,32.5,1990,79.1,3100,41300,25300,409,408.6,613,327,55.6,31,148,439,87,46,502,2.47,2.15,W21x275
W530x369,3.61,47000,2810,9310,245,10800,28.7,1770,78.3,2750,30800,21900,369,367.9,603,324,50.5,27.9,148,439,82,44,502,2.45,2.12,W21x248
W530x332,3.25,42300,2480,8350,242,9660,25.4,1580,77.6,2440,22600,19000,332,331.2,593,322,45.5,25.4,148,439,77,43,502,2.42,2.1,W21x223
W530x300,2.94,38200,2210,7550,241,8670,22.5,1410,76.7,2180,17000,16600,300,299.5,585,319,41.4,23.1,148,439,73,42,502,2.4,2.08,W21x201
W530x272,2.66,34600,1970,6820,239,7790,20,1260,76.1,1950,12800,14600,272,271.3,577,317,37.6,21.1,148,439,69,41,502,2.38,2.06,W21x182
W530x248,2.42,31500,1770,6220,238,7060,18,1140,75.7,1760,9770,13000,248,246.6,571,315,34.5,19,148,439,66,40,502,2.36,2.05,W21x166
W530x219,2.15,27900,1510,5390,233,6110,15.7,986,75,1520,6420,11000,219,218.9,560,318,29.2,18.3,150,439,61,39,502,2.36,2.04,W21x147
W530x196,1.93,25000,1340,4840,231,5460,13.9,877,74.4,1350,4700,9640,196,196.5,554,316,26.3,16.5,150,438,58,38,501,2.34,2.02,W21x132
W530x182,1.78,23200,1240,4480,231,5040,12.7,808,74.2,1240,3740,8820,182,181.7,551,315,24.4,15.2,150,439,56,38,502,2.33,2.02,W21x122
W530x165,1.62,21100,1110,4060,230,4550,11.4,726,73.4,1110,2830,7790,165,165.3,546,313,22.2,14,150,439,54,37,502,2.32,2,W21x111
W530x150,1.48,19200,1010,3710,229,4150,10.3,659,73.2,1010,2160,7030,150,150.6,543,312,20.3,12.7,150,439,52,36,502,2.31,2,W21x101
W530x138,1.36,17600,861,3140,221,3610,3.87,362,46.9,569,2500,2670,138,138.3,549,214,23.6,14.7,100,461,44,26,502,1.92,1.71,W21x93
W530x123,1.21,15700,761,2800,220,3210,3.38,319,46.4,499,1800,2310,123,123.2,544,212,21.2,13.1,99,461,42,26,502,1.91,1.7,W21x83
W530x109,1.07,13900,667,2480,219,2830,2.95,280,46.1,437,1260,2000,109,109,539,211,18.8,11.6,100,460,39,25,501,1.9,1.69,W21x73
W530x101,0.995,12900,617,2300,219,2620,2.69,256,45.6,400,1020,1820,101,101.4,537,210,17.4,10.9,100,461,38,24,502,1.89,1.68,W21x68
W530x92,0.907,11800,552,2070,217,2360,2.38,228,44.9,355,762,1590,92,92.5,533,209,15.6,10.2,99,461,36,24,502,1.88,1.67,W21x62
W530x82,0.805,10500,477,1810,213,2060,2.03,194,44,303,518,1340,82,82.1,528,209,13.3,9.5,100,460,34,24,501,1.87,1.66,W21x55
W530x72,0.706,9180,401,1530,209,1760,1.62,156,42,245,338,1060,72,72,524,207,10.9,9,99,461,31,24,502,1.86,1.65,W21x48
W530x85,0.83,10800,48.5,1810,212,2100,1.26,152,34.2,242,737,849,85,84.7,535,166,16.5,10.3,78,461,37,24,502,1.71,1.55,W21x57
W530x74,0.733,9480,41.1,1550,208,1810,1.04,125,33.1,200,480,692,74,74.7,529,166,13.6,9.7,78,461,34,24,502,1.7,1.54,W21x50
W530x66,0.644,8390,35.1,1340,205,1560,0.857,104,32,166,320,565,66,65.7,525,165,11.4,8.9,78,461,32,23,502,1.69,1.53,W21x44
W460x464,4.55,59100,2900,10200,222,12400,33.1,2170,74.9,3400,73100,20500,464,464,567,305,69.6,38.6,133,385,91,39,428,2.28,1.97,W18x311
W460x421,4.14,53700,2570,9250,219,11100,29.3,1940,73.9,3030,55700,17700,421,421.8,555,302,63.5,35.6,133,385,85,38,428,2.25,1.94,W18x283
W460x384,3.77,49000,2290,8420,217,10000,26.1,1750,73.1,2730,42700,15500,384,384.1,545,299,58.4,32.5,133,385,80,36,428,2.22,1.92,W18x258
W460x349,3.42,44400,2040,7640,214,9010,23.3,1570,72.3,2440,32800,13500,349,348.9,535,296,53.6,29.5,133,385,75,35,428,2.2,1.9,W18x234
W460x315,3.08,40100,1800,6850,212,8020,20.4,1390,71.4,2160,24300,11600,315,314.2,525,293,48.5,26.9,133,385,70,33,428,2.17,1.88,W18x211
W460x286,2.8,36400,1610,6230,210,7240,18.3,1260,70.9,1940,18600,10200,286,285.6,517,291,44.4,24.4,133,385,66,32,428,2.15,1.86,W18x192
W460x260,2.55,33100,1440,5650,208,6530,16.3,1130,70.1,1740,14100,8950,260,259.9,509,289,40.4,22.6,133,385,62,32,428,2.13,1.84,W18x175
W460x235,2.3,29900,1270,5080,206,5840,14.5,1010,69.5,1550,10500,7790,235,234.8,501,287,36.6,20.6,133,384,58,31,428,2.11,1.82,W18x158
W460x213,2.09,27100,1140,4620,205,5270,12.9,909,69.1,1400,7970,6890,213,212.7,495,285,33.5,18.5,133,384,55,30,428,2.09,1.81,W18x143
W460x193,1.9,24700,1020,4190,204,4750,11.5,816,68.5,1250,6030,6060,193,193.3,489,283,30.5,17,133,384,52,29,428,2.08,1.79,W18x130
W460x177,1.74,22600,91,3780,201,4280,10.5,735,68.2,1130,4400,5440,177,177.3,482,286,26.9,16.6,135,385,49,29,428,2.07,1.79,W18x119
W460x158,1.55,20100,79.6,3350,199,3770,9.14,643,67.4,989,3110,4670,158,157.7,476,284,23.9,15,135,385,46,28,428,2.06,1.77,W18x106
W460x144,1.42,18400,72.6,3080,199,3450,8.36,591,67.4,906,2440,4230,144,144.5,472,283,22.1,13.6,135,384,44,27,428,2.05,1.77,W18x97
W460x128,1.26,16300,63.7,2730,197,3050,7.33,520,67,796,1710,3670,128,128.4,467,282,19.6,12.2,135,384,41,26,428,2.04,1.76,W18x86
W460x113,1.11,14400,55.6,2400,196,2670,6.33,452,66.3,691,1180,3150,113,113,463,280,17.3,10.8,135,385,39,26,428,2.02,1.74,W18x76
W460x106,1.04,13400,48.8,2080,190,2390,2.51,259,43.2,405,1460,1260,106,105.7,469,194,20.6,12.6,91,391,39,23,428,1.69,1.49,W18x71
W460x97,0.947,12300,44.5,1910,190,2180,2.28,237,43.1,368,1130,1140,97,96.5,466,193,19,11.4,91,391,38,23,428,1.68,1.49,W18x65
W460x89,0.875,11400,40.9,1770,190,2010,2.09,218,42.9,339,905,1040,89,89.3,463,192,17.7,10.5,91,391,36,22,428,1.67,1.48,W18x60
W460x82,0.803,10500,37,1610,188,1830,1.86,195,42.2,303,690,918,82,81.9,460,191,16,9.9,91,391,35,22,428,1.66,1.47,W18x55
W460x74,0.727,9480,33.2,1460,188,1650,1.66,175,41.9,271,516,813,74,74.2,457,190,14.5,9,91,391,33,22,428,1.66,1.47,W18x50
W460x68,0.672,8710,29.7,1290,184,1490,0.94,122,32.8,192,508,463,68,68.5,459,154,15.4,9.1,72,391,34,22,428,1.52,1.36,W18x46
W460x60,0.584,7610,25.5,1120,183,1280,0.796,104,32.4,163,334,388,60,59.5,455,153,13.3,8,73,391,32,21,428,1.51,1.35,W18x40
W460x52,0.51,6650,21.2,942,179,1090,0.634,83.4,30.9,131,209,306,52,52,450,152,10.8,7.6,72,391,29,21,428,1.49,1.34,W18x35
W410x149,1.46,19000,61.8,2870,180,3250,7.77,586,63.9,900,3210,3200,149,149.3,431,265,25,14.9,125,337,47,28,381,1.89,1.63,W18x100
W410x132,1.3,16900,53.8,2530,179,2850,6.74,512,63.3,785,2250,2730,132,132.1,425,263,22.2,13.3,125,337,44,27,381,1.88,1.61,W18x89
W410x114,1.12,14600,46.1,2200,178,2460,5.72,439,62.7,671,1480,2300,114,114.5,420,261,19.3,11.6,125,338,41,26,381,1.86,1.6,W18x77
W410x100,0.977,12700,39.8,1920,177,2130,4.95,381,62.5,581,993,1960,100,99.6,415,260,16.9,10,125,338,39,25,381,1.85,1.59,W18x67
W410x85,0.833,10800,31.5,1510,171,1720,1.8,199,40.8,310,924,717,85,85,417,181,18.2,10.9,85,340,39,24,381,1.54,1.36,W18x57
W410x74,0.735,9480,27.5,1330,170,1510,1.56,173,40.4,269,636,614,74,74.9,413,180,16,9.7,85,340,37,24,381,1.53,1.35,W18x50
W410x67,0.662,8680,24.5,1200,169,1360,1.38,154,40.1,239,468,540,67,67.5,410,179,14.4,8.8,85,340,35,23,381,1.52,1.34,W18x45
W410x60,0.583,7610,21.6,1060,169,1190,1.2,135,39.9,209,327,468,60,59.5,407,178,12.8,7.7,85,340,33,23,381,1.51,1.33,W18x40
W410x54,0.524,6840,18.6,923,165,1050,1.01,114,38.5,177,225,388,54,53.4,403,177,10.9,7.5,85,340,31,23,381,1.5,1.32,W18x36
W410x46,0.453,5880,15.6,772,163,884,0.514,73.4,29.5,115,192,197,46,46.2,403,140,11.2,7,67,344,30,21,381,1.35,1.21,W18x31
W410x39,0.384,4950,12.6,634,159,730,0.404,57.6,28.4,90.6,110,154,39,39.2,399,140,8.8,6.4,67,344,27,20,381,1.35,1.21,W18x26
W360x1299,12.7,165000,7550,25200,214,33200,2540,10700,124,16700,944000,135000,1299,1299,600,476,140,100,188,257,172,80,320,2.9,2.43,W14x873
W360x1202,11.8,153000,6640,22900,208,30000,2290,9710,122,15200,762000,116000,1202,1201.5,580,471,130,95,188,257,162,78,320,2.85,2.38,W14x808
W360x1086,10.7,139000,5960,20900,207,27200,1960,8650,119,13400,605000,96700,1086,1087.8,569,454,125,78,188,256,157,69,319,2.8,2.34,W14x730
W360x990,9.72,126000,5190,18900,203,24300,1730,7740,117,12000,469000,82000,990,991,550,448,115,71.9,188,257,147,66,320,2.75,2.3,W14x665
W360x900,8.85,115000,4500,17000,198,21600,1540,6940,116,10700,364000,69200,900,902.1,531,442,106,65.9,188,256,138,63,319,2.7,2.26,W14x605
W360x818,8.03,105000,3920,15300,194,19300,1360,6200,114,9560,278000,58900,818,819,514,437,97,60.5,188,257,129,60,320,2.66,2.22,W14x550
W360x744,7.3,94800,3420,13700,190,17200,1200,5550,112,8550,214000,50200,744,744.2,498,432,88.9,55.6,188,257,120,58,320,2.61,2.18,W14x500
W360x677,6.65,86500,2990,12400,186,15300,1070,4990,111,7680,164000,43100,677,677.8,483,428,81.5,51.2,188,257,113,56,320,2.58,2.15,W14x455
W360x634,6.22,80600,2740,11600,184,14200,983,4630,110,7120,138000,38700,634,634.3,474,424,77.1,47.6,188,257,109,54,320,2.55,2.12,W14x426
W360x592,5.81,75500,2500,10800,182,13100,902,4280,109,6570,114000,34800,592,592.6,465,421,72.3,45,188,257,104,53,320,2.52,2.1,W14x398
W360x551,5.4,70300,2260,9940,180,12100,825,3950,108,6050,92500,31000,551,550.6,455,418,67.6,42,188,257,99,51,320,2.5,2.08,W14x370
W360x509,5,65200,2050,9170,178,11000,754,3630,108,5550,73900,27700,509,509.4,446,416,62.7,39.1,188,258,94,50,321,2.48,2.06,W14x342
W360x463,4.54,59000,1800,8280,175,9880,670,3250,107,4980,56500,23900,463,462.8,435,412,57.4,35.8,188,257,89,48,320,2.45,2.03,W14x311
W360x421,4.13,53700,1600,7510,172,8880,601,2940,106,4490,43400,20800,421,421.6,425,409,52.6,32.8,188,257,84,46,320,2.42,2.01,W14x283
W360x382,3.75,48800,1410,6790,170,7960,536,2640,105,4030,32800,18200,382,382.3,416,406,48,29.8,188,257,80,45,320,2.4,1.99,W14x257
W360x347,3.4,44200,1250,6140,168,7140,481,2380,104,3630,24800,15900,347,346.9,407,404,43.7,27.2,188,257,75,44,320,2.38,1.97,W14x233
W360x314,3.07,40000,1100,5530,166,6370,426,2120,103,3240,18500,13800,314,313.3,399,401,39.6,24.9,188,257,71,42,320,2.35,1.95,W14x211
W360x287,2.82,36600,997,5070,165,5810,388,1880,103,2960,14500,12300,287,287.5,393,399,36.6,22.6,188,257,68,41,320,2.34,1.94,W14x193
W360x262,2.58,33400,894,4620,163,5260,350,1660,102,2680,11300,11000,262,262.7,387,398,33.3,21.1,188,257,65,41,320,2.32,1.93,W14x176
W360x237,2.32,30100,788,4150,162,4690,310,1490,101,2390,8180,9500,237,236.2,380,395,30.2,18.9,188,257,62,39,320,2.3,1.91,W14x159
W360x216,2.12,27500,711,3840,161,4260,283,1360,101,2180,6320,8520,216,216.3,375,394,27.7,17.3,188,257,59,39,320,2.29,1.9,W14x145
W360x196,1.93,25000,636,3420,159,3840,252,1220,100,1860,5130,6830,196,196.5,372,374,26.2,16.4,179,257,58,38,320,2.21,1.83,W14x132
W360x179,1.76,22800,574,3110,159,3480,231,1110,101,1680,3910,6120,179,179.2,368,373,23.9,15,179,257,55,38,320,2.2,1.83,W14x120
W360x162,1.59,20600,515,2830,158,3140,211,1000,101,1520,2940,5430,162,161.9,364,371,21.8,13.3,179,257,53,38,320,2.19,1.81,W14x109
W360x147,1.45,18800,463,2570,157,2840,190,904,101,1370,2230,4840,147,147.5,360,370,19.8,12.3,179,257,51,38,320,2.18,1.81,W14x99
W360x134,1.31,17100,421,2330,157,2560,172,817,101,1240,1680,4310,134,133.9,356,369,18,11.2,179,257,50,38,320,2.17,1.8,W14x90
W360x122,1.19,15500,365,2010,153,2280,61.5,478,63,732,2110,1790,122,121.7,363,257,21.7,13,122,276,44,27,320,1.73,1.47,W14x82
W360x110,1.08,14100,331,1840,153,2060,55.7,435,63,664,1600,1610,110,110.2,360,256,19.9,11.4,122,277,42,26,320,1.72,1.47,W14x74
W360x101,0.992,12900,301,1690,153,1880,50.6,397,62.7,605,1250,1450,101,101.2,357,255,18.3,10.5,122,277,40,26,320,1.71,1.46,W14x68
W360x91,0.89,11500,267,1510,152,1680,44.8,353,62.3,538,914,1270,91,90.8,353,254,16.4,9.5,122,277,38,25,320,1.7,1.45,W14x61
W360x79,0.777,10100,226,1280,150,1430,24.2,236,48.9,362,811,687,79,79.2,354,205,16.8,9.4,98,277,39,25,320,1.51,1.3,W14x53
W360x72,0.701,9100,201,1150,149,1280,21.4,210,48.5,322,601,600,72,71.5,350,204,15.1,8.6,98,276,37,25,320,1.5,1.29,W14x48
W360x64,0.626,8130,178,1030,148,1140,18.8,186,48.1,284,436,524,64,63.9,347,203,13.5,7.7,98,276,35,25,320,1.49,1.29,W14x43
W360x57,0.555,7230,160,896,149,1010,11.1,129,39.3,199,333,331,57,56.6,358,172,13.1,7.9,82,295,31,21,332,1.39,1.22,W14x38
W360x51,0.496,6450,141,796,148,893,9.68,113,38.8,174,237,285,51,50.6,355,171,11.6,7.2,82,295,30,20,332,1.38,1.21,W14x34
W360x45,0.441,5710,122,691,146,778,8.18,95.7,37.8,148,159,239,45,45,352,171,9.8,6.9,82,296,28,20,332,1.37,1.2,W14x30
W360x39,0.383,4960,102,580,143,662,3.75,58.6,27.4,91.6,150,110,39,39.1,353,128,10.7,6.5,61,295,29,20,332,1.21,1.08,W14x26
W360x33,0.321,4190,82.6,473,141,541,2.91,45.8,26.4,71.8,85.3,84.3,33,32.7,349,127,8.5,5.8,61,296,27,20,332,1.19,1.07,W14x22
W310x500,4.91,63700,1690,7910,163,9880,494,2910,88,4490,101000,15300,500,500.4,427,340,75.1,45.1,147,233,97,43,277,2.12,1.78,W12x336
W310x454,4.45,57800,1480,7130,160,8820,436,2600,86.8,4000,77200,13100,454,454,415,336,68.7,41.3,147,234,91,41,278,2.09,1.76,W12x305
W310x415,4.07,52800,1300,6450,157,7900,391,2340,86,3610,59500,11300,415,415.1,403,334,62.7,38.9,148,234,85,40,278,2.06,1.73,W12x279
W310x375,3.68,47800,1130,5770,154,7000,344,2080,84.8,3210,44900,9570,375,374.8,391,330,57.2,35.4,147,233,79,38,277,2.03,1.7,W12x252
W310x342,3.37,43700,1010,5260,152,6330,310,1890,84.2,2910,34900,8420,342,343.2,382,328,52.6,32.6,148,233,74,37,277,2.01,1.68,W12x230
W310x313,3.07,39900,896,4790,150,5720,277,1700,83.3,2620,27000,7350,313,313.3,374,325,48.3,30,148,234,70,35,277,1.99,1.66,W12x210
W310x283,2.77,36000,787,4310,148,5100,246,1530,82.6,2340,20300,6330,283,282.9,365,322,44.1,26.9,148,233,66,34,277,1.96,1.64,W12x190
W310x253,2.48,32300,682,3830,146,4490,215,1350,81.6,2060,14800,5370,253,252.9,356,319,39.6,24.4,147,233,61,33,277,1.94,1.62,W12x170
W310x226,2.22,28800,596,3420,144,3970,189,1190,81,1830,10800,4620,226,226.7,348,317,35.6,22.1,147,233,57,31,277,1.92,1.6,W12x152
W310x202,1.99,25700,520,3050,142,3510,166,1050,80.2,1610,7730,3960,202,202.6,341,315,31.8,20.1,147,234,54,30,277,1.9,1.59,W12x136
W310x179,1.75,22800,445,2670,140,3050,144,919,79.5,1400,5370,3340,179,178.7,333,313,28.1,18,148,233,50,29,277,1.88,1.57,W12x120
W310x158,1.54,20100,386,2360,139,2670,125,805,78.9,1220,3770,2840,158,157.4,327,310,25.1,15.5,147,233,47,28,277,1.86,1.55,W12x106
W310x143,1.4,18200,348,2150,138,2420,113,729,78.6,1110,2860,2540,143,143.1,323,309,22.9,14,148,234,45,27,277,1.85,1.55,W12x96
W310x129,1.27,16500,308,1940,137,2160,100,652,78,991,2130,2220,129,129.6,318,308,20.6,13.1,147,233,42,27,277,1.84,1.53,W12x87
W310x118,1.15,15000,275,1750,136,1950,90.2,588,77.6,893,1600,1970,118,117.5,314,307,18.7,11.9,148,233,41,26,277,1.83,1.53,W12x79
W310x107,1.05,13600,248,1590,135,1760,81.2,531,77.2,806,1210,1760,107,106.9,311,306,17,10.9,148,233,39,26,277,1.82,1.52,W12x72
W310x97,0.949,12300,222,1440,134,1590,72.9,478,76.9,725,909,1560,97,96.8,308,305,15.4,9.9,148,234,37,26,277,1.82,1.51,W12x65
W310x86,0.847,11000,198,1280,134,1420,44.5,351,63.6,533,874,961,86,86.3,310,254,16.3,9.1,122,234,38,25,277,1.62,1.36,W12x58
W310x79,0.773,10100,177,1150,133,1280,39.9,314,63,478,655,847,79,78.9,306,254,14.6,8.8,123,234,36,24,277,1.61,1.36,W12x53
W310x74,0.726,9480,164,1060,132,1180,23.4,229,49.9,350,718,505,74,74,310,205,16.3,9.4,98,234,38,25,277,1.42,1.22,W12x50
W310x67,0.65,8520,144,942,131,1050,20.7,203,49.5,310,522,439,67,66.3,306,204,14.6,8.5,98,234,36,24,277,1.41,1.21,W12x45
W310x60,0.58,7610,128,842,130,933,18.3,180,49.3,275,378,384,60,59.1,303,203,13.1,7.5,98,234,35,24,277,1.4,1.2,W12x40
W310x52,0.513,6650,118,747,133,837,10.3,123,39.2,189,308,237,52,52.3,317,167,13.2,7.6,80,256,31,20,291,1.29,1.12,W12x35
W310x45,0.438,5670,99.2,634,132,708,8.55,103,38.8,158,191,195,45,44.6,313,166,11.2,6.6,80,256,29,19,291,1.28,1.11,W12x30
W310x39,0.38,4940,85.1,549,131,610,7.27,88.1,38.4,135,126,164,39,38.7,310,165,9.7,5.8,80,256,27,19,291,1.27,1.1,W12x26
W310x33,0.321,4180,65,415,125,480,1.92,37.6,21.4,59.6,122,43.8,33,32.8,313,102,10.8,6.6,48,264,24,15,291,1.02,0.919,W12x22
W310x28,0.278,3590,54.3,351,123,407,1.58,31,20.9,49.2,75.7,35.6,28,28.4,309,102,8.9,6,48,264,22,15,291,1.01,0.912,W12x19
W310x24,0.234,3040,42.7,280,119,328,1.16,22.9,19.5,36.7,42.5,25.7,24,23.8,305,101,6.7,5.6,48,265,20,15,292,1,0.902,W12x16
W310x21,0.207,2680,37,244,117,287,0.983,19.5,19.1,31.2,29.4,21.7,21,21.1,303,101,5.7,5.1,48,265,19,15,292,1,0.899,W12x14
W250x167,1.64,21200,300,2080,119,2430,98.8,746,68.1,1140,6310,1630,167,167.4,289,265,31.8,19.2,123,184,52,29,225,1.6,1.33,W10x112
W250x149,1.46,19000,259,1840,117,2130,86.2,656,67.4,1000,4510,1390,149,148.9,282,263,28.4,17.3,123,184,49,28,225,1.58,1.32,W10x100
W250x131,1.29,16700,221,1610,115,1850,74.5,571,66.8,870,3120,1160,131,131.1,275,261,25.1,15.4,123,184,46,27,225,1.56,1.3,W10x88
W250x115,1.13,14600,189,1410,114,1600,64.1,495,66.2,753,2130,976,115,114.8,269,259,22.1,13.5,123,184,43,26,225,1.55,1.29,W10x77
W250x101,0.992,12900,164,1240,113,1400,55.5,432,65.6,656,1490,829,101,101.2,264,257,19.6,11.9,123,184,40,25,225,1.53,1.28,W10x68
W250x89,0.878,11400,143,1100,112,1230,48.4,378,65.1,574,1040,713,89,89.6,260,256,17.3,10.7,123,184,38,24,225,1.52,1.27,W10x60
W250x80,0.786,10200,126,982,111,1090,43.1,338,65,513,757,623,80,80.1,256,255,15.6,9.4,123,184,36,24,225,1.51,1.26,W10x54
W250x73,0.715,9290,113,891,110,985,38.8,306,64.6,463,575,553,73,72.9,253,254,14.2,8.6,123,184,35,23,225,1.5,1.25,W10x49
W250x67,0.658,8580,104,806,110,901,22.2,218,51,332,625,324,67,67.1,257,204,15.7,8.9,98,185,36,23,226,1.31,1.11,W10x45
W250x58,0.571,7420,87.3,693,108,770,18.8,186,50.4,283,409,268,58,58.2,252,203,13.5,8,98,184,34,23,225,1.3,1.1,W10x39
W250x49,0.481,6260,70.6,572,106,633,15.1,150,49.2,228,241,211,49,49,247,202,11,7.4,97,184,32,23,225,1.29,1.09,W10x33
W250x45,0.44,5700,71.1,534,111,602,7.03,95.1,35.1,146,261,113,45,44.9,266,148,13,7.6,70,209,29,18,240,1.11,0.961,W10x30
W250x39,0.379,4910,60.1,459,110,513,5.94,80.8,34.7,124,169,93.4,39,38.7,262,147,11.2,6.6,70,209,27,17,240,1.1,0.952,W10x26
W250x33,0.321,4190,48.9,379,108,424,4.73,64.7,33.7,99.5,98.5,73.2,33,32.7,258,146,9.1,6.1,70,211,24,16,240,1.09,0.942,W10x22
W250x28,0.279,3630,40,307,105,353,1.78,34.8,22.1,54.7,96.7,27.7,28,28.5,260,102,10,6.4,48,213,24,15,240,0.915,0.813,W10x19
W250x25,0.249,3220,34.2,266,103,307,1.49,29.2,21.5,46.2,65.2,23,25,25.3,257,102,8.4,6.1,48,213,22,15,240,0.91,0.808,W10x17
W250x22,0.219,2850,28.9,227,101,263,1.23,24,20.7,38.1,43.4,18.7,22,22.4,254,102,6.9,5.8,48,213,20,15,240,0.904,0.802,W10x15
W250x18,0.175,2280,22.4,179,99.3,207,0.913,18.1,20,28.6,22.4,13.8,18,17.9,251,101,5.3,4.8,48,213,19,14,240,0.896,0.795,W10x12
W200x100,0.976,12700,113,989,94.5,1150,36.6,349,53.8,533,2090,386,100,99.5,229,210,23.7,14.5,98,148,40,22,182,1.27,1.06,W8x67
W200x86,0.85,11000,94.7,853,92.6,981,31.4,300,53.3,458,1390,318,86,86.7,222,209,20.6,13,98,147,37,22,181,1.25,1.04,W8x58
W200x71,0.701,9100,76.6,709,91.7,803,25.4,246,52.8,375,817,250,71,71.5,216,206,17.4,10.2,98,148,34,20,181,1.24,1.03,W8x48
W200x59,0.582,7550,61.1,582,89.9,653,20.4,199,52,303,463,196,59,59.3,210,205,14.2,9.1,98,148,31,20,182,1.22,1.02,W8x40
W200x52,0.512,6650,52.7,512,89,569,17.8,175,51.8,266,323,167,52,52.2,206,204,12.6,7.9,98,147,29,19,181,1.21,1.01,W8x35
W200x46,0.451,5890,45.4,448,88.1,495,15.3,151,51.2,229,220,141,46,46,203,203,11,7.2,98,148,28,19,181,1.2,1,W8x31
W200x42,0.409,5320,40.9,399,87.7,445,9,108,41.2,165,222,84,42,41.7,205,166,11.8,7.2,79,152,26,17,181,1.06,0.894,W8x28
W200x36,0.352,4570,34.4,342,86.7,379,7.64,92.6,40.9,141,145,69.6,36,35.9,201,165,10.2,6.2,79,152,25,16,181,1.05,0.885,W8x24
W200x31,0.308,3970,31.4,299,88.6,335,4.1,61.1,32,93.8,119,40.9,31,31.4,210,134,10.2,6.4,64,166,22,14,190,0.943,0.809,W8x21
W200x27,0.261,3390,25.8,249,87.3,279,3.3,49.6,31.2,76.1,71.3,32.5,27,26.6,207,133,8.4,5.8,64,167,20,13,190,0.934,0.801,W8x18
W200x22,0.22,2860,20,194,83.6,222,1.42,27.8,22.3,43.7,56.6,13.9,22,22.4,206,102,8,6.2,48,166,20,13,190,0.808,0.706,W8x15
W200x19,0.191,2480,16.6,163,81.7,187,1.15,22.6,21.6,35.6,36.2,11.1,19,19.4,203,102,6.5,5.8,48,165,19,14,190,0.802,0.7,W8x13
W200x15,0.147,1910,12.7,127,81.8,145,0.869,17.4,21.4,27.1,17.6,8.24,15,15,200,100,5.2,4.3,48,165,18,13,190,0.791,0.691,W8x10
W150x37,0.364,4740,22.2,274,68.5,310,7.07,91.8,38.7,140,192,40,37,37.1,162,154,11.6,8.1,73,114,24,15,139,0.924,0.77,W6x25
W150x30,0.292,3790,17.1,218,67.3,244,5.56,72.6,38.3,111,100,30.3,30,29.8,157,153,9.3,6.6,73,113,22,14,138,0.913,0.76,W6x20
W150x22,0.219,2860,12,159,65.1,176,3.87,50.9,36.9,77.5,41.5,20.4,22,22.3,152,152,6.6,5.8,73,114,19,14,139,0.9,0.748,W6x15
W150x24,0.235,3060,13.4,168,66.3,191,1.83,35.8,24.5,55.2,92.3,10.2,24,24,160,102,10.3,6.6,48,116,22,14,139,0.715,0.613,W6x16
W150x18,0.176,2290,9.15,120,63.3,136,1.26,24.7,23.5,38.2,36.9,6.7,18,17.9,153,102,7.1,5.8,48,115,19,13,139,0.702,0.6,W6x12
W150x14,0.133,1730,6.85,91.3,63,102,0.918,18.4,23,28.3,16.8,4.79,14,13.6,150,100,5.5,4.3,48,115,17,12,139,0.691,0.591,W6x9
W150x13,0.124,1630,6.13,82.8,61.7,93,0.818,16.4,22.5,25.3,13.6,4.19,13,12.6,148,100,4.9,4.3,48,115,17,12,138,0.687,0.587,W6x8.5
W130x28,0.275,3590,10.9,167,55.3,190,3.81,59.6,32.7,90.7,127,13.8,28,28.1,131,128,10.9,6.9,61,86,23,14,109,0.76,0.632,W5x19
W130x24,0.231,3040,8.79,138,54.1,156,3.11,49,32.2,74.5,76.2,10.8,24,23.6,127,127,9.1,6.1,60,85,21,13,109,0.75,0.623,W5x16
W100x19,0.19,2470,4.76,89.8,43.9,103,1.61,31.2,25.5,47.9,62.9,3.79,19,19.4,106,103,8.8,7.1,48,65,21,14,88,0.61,0.507,W4x13
