Section,Outside Dimension (mm),Wall Thickness (mm),Mass (kg/m),Dead Load (kN/m),Area (mmý),I (10? mm?),S (10? mm?),r (mm),Z (10? mm?),Torsional Constant (10? mm?),Surface Area (mý/m)
HSS 559x559x19*,558.8,19.05,316,3.1,40200,1930,6900,219,8070,3050000,2.17
HSS 508x508x22*,508,22.23,329,3.23,41900,1620,6390,197,7560,2600000,1.96
HSS 508x508x19*,508,19.05,285,2.8,36300,1430,5620,198,6600,2270000,1.97
HSS 508x508x16*,508,15.88,240,2.36,30600,1220,4810,200,5610,1930000,1.98
HSS 508x508x13*,508,12.7,194,1.91,24700,1000,3950,201,4570,1570000,1.99
HSS 457x457x22*,457.2,22.23,294,2.88,37400,1160,5070,176,6030,1870000,1.75
HSS 457x457x19*,457.2,19.05,255,2.5,32500,1020,4470,178,5280,1640000,1.76
HSS 457x457x16*,457.2,15.88,215,2.11,27400,878,3840,179,4490,1390000,1.77
HSS 457x457x13*,457.2,12.7,174,1.71,22200,723,3160,181,3670,1130000,1.79
HSS 406x406x22*,406.4,22.23,258,2.53,32900,793,3900,155,4670,1290000,1.55
HSS 406x406x19*,406.4,19.05,224,2.2,28600,703,3460,157,4100,1130000,1.56
HSS 406x406x16*,406.4,15.88,190,1.86,24200,606,2980,158,3500,965000,1.57
HSS 406x406x13*,406.4,12.7,154,1.51,19600,500,2460,160,2870,788000,1.58
HSS 406x406x9.5*,406.4,9.53,117,1.15,14900,388,1910,161,2200,604000,1.59
HSS 356x356x16*,355.6,15.88,164,1.61,20900,396,2230,138,2640,637000,1.37
HSS 356x356x13*,355.6,12.7,133,1.31,17000,329,1850,139,2170,522000,1.38
HSS 356x356x9.5*,355.6,9.53,102,0.998,13000,256,1440,141,1670,401000,1.39
HSS 356x356x7.9*,355.6,7.94,85.4,0.838,10900,218,1220,141,1410,338000,1.4
HSS 305x305x16*,304.8,15.88,139,1.36,17700,242,1590,117,1890,392000,1.16
HSS 305x305x13*,304.8,12.7,113,1.11,14400,202,1330,118,1560,323000,1.18
HSS 305x305x9.5*,304.8,9.53,86.5,0.849,11000,158,1040,120,1210,250000,1.19
HSS 305x305x7.9*,304.8,7.94,72.7,0.714,9270,135,885,121,1030,211000,1.19
HSS 305x305x6.4*,304.8,6.35,58.7,0.576,7480,110,723,121,833,171000,1.2
HSS 254x254x16*,254,15.88,114,1.11,14500,134,1050,96.1,1270,220000,0.961
HSS 254x254x13*,254,12.7,93,0.912,11800,113,889,97.6,1060,183000,0.972
HSS 254x254x9.5*,254,9.53,71.3,0.7,9090,89.3,703,99.1,825,142000,0.983
HSS 254x254x7.9*,254,7.94,60.1,0.589,7650,76.4,601,99.9,701,120000,0.989
HSS 254x254x6.4*,254,6.35,48.6,0.476,6190,62.7,494,101,574,97800,0.994
HSS 254x254x4.8*,254,4.78,36.9,0.362,4710,48.4,381,101,438,74800,1
HSS 203x203x16*,203.2,15.88,88.3,0.866,11200,63.8,628,75.3,774,107000,0.758
HSS 203x203x13*,203.2,12.7,72.7,0.713,9260,54.7,538,76.9,651,90200,0.769
HSS 203x203x9.5*,203.2,9.53,56.1,0.551,7150,43.9,432,78.4,513,70800,0.78
HSS 203x203x7.9*,203.2,7.94,47.4,0.465,6040,37.8,372,79.2,438,60300,0.786
HSS 203x203x6.4*,203.2,6.35,38.4,0.377,4900,31.3,308,79.9,359,49300,0.791
HSS 203x203x4.8*,203.2,4.78,29.3,0.288,3730,24.3,239,80.7,276,37800,0.796
HSS 178x178x16,177.8,15.88,75.6,0.742,9640,40.6,457,64.9,571,69300,0.657
HSS 178x178x13,177.8,12.7,62.6,0.614,7970,35.2,398,66.5,484,58800,0.668
HSS 178x178x9.5,177.8,9.53,46.5,0.478,6180,28.6,322,68,385,46500,0.678
HSS 178x178x7.9,177.8,7.94,41.1,0.403,5230,24.8,279,68.8,330,39800,0.684
HSS 178x178x6.4,177.8,6.35,33.4,0.327,4250,20.6,231,68.6,271,32600,0.689
HSS 178x178x4.8,177.8,4.78,25.5,0.25,3250,16.1,181,70.3,210,25100,0.695
HSS 152x152x13,152.4,12.7,52.4,0.515,6680,21,276,56.1,342,35600,0.577
HSS 152x152x9.5,152.4,9.53,40.9,0.401,5210,17.3,227,57.6,275,28500,0.572
HSS 152x152x7.9,152.4,7.94,34.7,0.341,4430,15.1,198,58.4,237,24500,0.552
HSS 152x152x6.4,152.4,6.35,28.3,0.278,3610,12.6,166,58.2,196,20200,0.588
HSS 152x152x4.8,152.4,4.78,21.7,0.213,2790,9.93,130,59.9,152,15600,0.593
HSS 127x127x13,127,12.7,42.3,0.415,5390,11.3,177,45.7,225,19500,0.464
HSS 127x127x9.5,127,9.53,33.3,0.327,4240,9.48,149,47.3,183,15900,0.471
HSS 127x127x7.9,127,7.94,28.4,0.279,3620,8.35,131,46,159,13800,0.461
HSS 127x127x6.4,127,6.35,23.2,0.228,2960,7.05,111,46.8,132,11400,0.466
HSS 127x127x4.8,127,4.78,17.9,0.175,2280,5.6,86.1,46.6,103,8900,0.492
HSS 127x127x3.2,127,3.18,12.2,0.119,1550,3.92,61.8,50.3,71.5,6120,0.487
HSS 102x102x13,101.6,12.7,32.2,0.316,4100,5.1,100,35.3,131,9070,0.363
HSS 102x102x9.5,101.6,9.53,25.7,0.252,3280,4.45,87.6,36.9,110,7640,0.374
HSS 102x102x7.9,101.6,7.94,22.1,0.217,2810,3.99,78.5,37.7,96.7,6710,0.379
HSS 102x102x6.4,101.6,6.35,18.2,0.178,2320,3.42,67.3,38.4,81.4,5640,0.385
HSS 102x102x4.8,101.6,4.78,14.1,0.138,1790,2.75,54.2,36.2,64.3,4440,0.39
HSS 102x102x3.2,101.6,3.18,9.62,0.094,1230,1.96,38.5,40,44.9,3060,0.395
HSS 89x89x9.5,88.9,9.53,21.9,0.215,2790,2.8,63,31.7,80.5,4880,0.323
HSS 89x89x7.9,88.9,7.94,18.9,0.186,2410,2.54,57.1,32.5,71.3,4330,0.328
HSS 89x89x6.4,88.9,6.35,15.6,0.153,1990,2.2,49.5,33.2,60.5,3670,0.334
HSS 89x89x4.8,88.9,4.78,12.2,0.119,1550,1.79,40.3,34,48.2,2920,0.339
HSS 76x76x9.5,76.2,9.53,18.1,0.178,2310,1.61,42.4,26.5,55.5,2870,0.272
HSS 76x76x7.9,76.2,7.94,15.7,0.154,2010,1.49,39.1,27.3,49.8,2590,0.278
HSS 76x76x6.4,76.2,6.35,13.1,0.129,1670,1.31,34.5,26,42.8,2230,0.283
HSS 76x76x4.8,76.2,4.78,10.3,0.101,1310,1.08,28.5,26.8,34.4,1790,0.288
HSS 76x76x3.2,76.2,3.18,7.09,0.07,903,0.79,20.7,29.6,24.5,1260,0.294
HSS 84x84x6.4,83.5,6.35,10.6,0.104,1350,0.703,22.2,22.8,28.1,1220,0.232
HSS 84x84x4.8,83.5,4.78,6.35,0.062,1080,0.594,18.7,23.6,23,965,0.238
HSS 84x84x3.2,83.5,3.18,5.82,0.057,741,0.441,13.9,24.4,16.6,715,0.243
