Designation,Class,ba/t,h/w,Dead Load (kN/m),Area (mmý),Ix (10^6 mm?),Sx (10^3 mm?),rx (mm),Zx (10^3 mm?),Iy (10^6 mm?),Sy (10^3 mm?),ry (mm),Zy (10^3 mm?),J (10^3 mm?),Cw (10^9 mm?),Nominal Mass (kg/m),Theoretical Mass (kg/m),Depth d (mm),Flange Width b (mm),Flange Thickness t (mm),Web Thickness w (mm),Distance a (mm),Distance T (mm),Distance k (mm),Distance k? (mm),d-2t (mm),Surface Area Total (mý/m),Surface Area Minus Top Flange (mý/m),Imperial Designation
W1100x499,1,4.5,39.5,4.89,63500.0,12900.0,23100.0,451.0,26600.0,500.0,2470.0,88.7,3870.0,31100.0,144.0,499.0,498.6,1118.0,405.0,45.0,26.0,190.0,965.0,77.0,43.0,1028.0,3.8,3.4,W44x335
W1100x433,1,5.03,46.7,4.24,55100.0,11300.0,20300.0,452.0,23200.0,434.0,2160.0,88.7,3360.0,21200.0,124.0,433.0,432.7,1108.0,402.0,40.0,22.0,190.0,965.0,72.0,41.0,1028.0,3.78,3.38,W44x290
W1100x390,1,5.56,51.4,3.83,49700.0,10100.0,18300.0,450.0,20800.0,385.0,1920.0,88.0,2990.0,15600.0,109.0,390.0,390.2,1100.0,400.0,36.0,20.0,190.0,965.0,68.0,40.0,1028.0,3.76,3.36,W44x262
W1100x343,1,6.45,57.1,3.36,43600.0,8670.0,15900.0,446.0,18100.0,331.0,1660.0,87.1,2570.0,10300.0,92.9,343.0,342.6,1090.0,400.0,31.0,18.0,191.0,965.0,63.0,39.0,1028.0,3.74,3.34,W44x230
W1000x976,1,2.38,18.6,9.56,124300.0,23500.0,42400.0,435.0,50300.0,1190.0,5540.0,97.7,8840.0,244000.0,307.0,976.0,974.5,1108.0,428.0,89.9,50.0,189.0,865.0,121.0,55.0,928.0,3.83,3.4,W40x655
W1000x883,1,2.59,20.4,8.66,112500.0,21000.0,38400.0,432.0,45300.0,1050.0,4950.0,96.6,7870.0,185000.0,268.0,883.0,883.4,1092.0,424.0,82.0,45.5,189.0,865.0,114.0,53.0,928.0,3.79,3.37,W40x593
W1000x748,1,2.98,23.8,7.34,95300.0,17300.0,32400.0,426.0,37900.0,851.0,4080.0,94.5,6460.0,116000.0,212.0,748.0,748.5,1068.0,417.0,70.0,39.0,189.0,865.0,102.0,50.0,928.0,3.73,3.31,W40x503
W1000x642,1,3.43,27.3,6.29,81800.0,14500.0,27700.0,421.0,32100.0,703.0,3410.0,92.7,5380.0,73800.0,172.0,642.0,641.9,1048.0,412.0,60.0,34.0,189.0,865.0,92.0,47.0,928.0,3.68,3.26,W40x431
W1000x591,1,3.66,29.9,5.79,75300.0,13300.0,25600.0,421.0,29500.0,640.0,3130.0,92.2,4920.0,59000.0,155.0,591.0,590.9,1040.0,409.0,55.0,31.0,189.0,865.0,87.0,46.0,928.0,3.65,3.25,W40x397
W1000x554,1,3.92,31.5,5.43,70600.0,12300.0,23900.0,418.0,27500.0,591.0,2900.0,91.5,4550.0,48300.0,142.0,554.0,554.1,1032.0,408.0,52.0,29.5,189.0,865.0,84.0,45.0,928.0,3.64,3.23,W40x372
W1000x539,1,3.98,32.7,5.29,68700.0,12000.0,23400.0,418.0,26800.0,576.0,2830.0,91.6,4440.0,45300.0,138.0,539.0,539.4,1030.0,407.0,51.1,28.4,189.0,865.0,83.0,44.0,928.0,3.61,3.22,W40x362
W1000x483,1,4.39,36.5,4.74,61500.0,10700.0,20900.0,417.0,23900.0,507.0,2510.0,90.8,3920.0,33100.0,120.0,483.0,482.9,1020.0,404.0,46.0,25.4,189.0,865.0,78.0,43.0,928.0,3.61,3.2,W40x324
W1000x443,1,4.8,39.3,4.34,56400.0,9670.0,19100.0,414.0,21800.0,455.0,2260.0,89.8,3530.0,25400.0,107.0,443.0,442.5,1012.0,402.0,41.9,23.6,189.0,865.0,73.0,42.0,928.0,3.58,3.18,W40x297
W1000x412,1,5.03,44.0,4.04,52500.0,9100.0,18100.0,416.0,20500.0,434.0,2160.0,90.9,3350.0,21400.0,102.0,412.0,412.2,1008.0,402.0,40.0,21.1,190.0,865.0,72.0,41.0,928.0,3.58,3.18,W40x277
W1000x371,1,5.54,48.8,3.64,47300.0,8140.0,16300.0,415.0,18400.0,386.0,1930.0,90.3,2980.0,15900.0,89.6,371.0,371.2,1000.0,400.0,36.1,19.0,191.0,865.0,68.0,40.0,928.0,3.56,3.16,W40x249
W1000x321,1,6.45,56.2,3.15,40800.0,6960.0,14100.0,413.0,15800.0,331.0,1660.0,90.0,2550.0,10300.0,76.1,321.0,320.9,990.0,400.0,31.0,16.5,192.0,865.0,63.0,38.0,928.0,3.55,3.15,W40x215
W1000x296,1,7.38,56.2,2.91,37700.0,6200.0,12600.0,405.0,14300.0,290.0,1450.0,87.6,2240.0,7840.0,66.0,296.0,296.4,982.0,400.0,27.1,16.5,192.0,865.0,59.0,38.0,928.0,3.53,3.13,W40x199
W1000x584,1,2.45,25.8,5.73,74400.0,12500.0,23600.0,409.0,28000.0,334.0,2130.0,67.0,3470.0,71500.0,82.2,584.0,583.8,1056.0,314.0,64.0,36.0,139.0,865.0,96.0,48.0,928.0,3.3,2.98,W40x392
W1000x494,1,2.86,29.9,4.84,62900.0,10300.0,19900.0,404.0,23400.0,268.0,1740.0,65.3,2820.0,44000.0,64.7,494.0,493.9,1036.0,309.0,54.0,31.0,139.0,865.0,86.0,46.0,928.0,3.25,2.94,W40x331
W1000x486,1,2.85,30.9,4.77,61900.0,10200.0,19700.0,406.0,23200.0,266.0,1730.0,65.5,2790.0,42900.0,64.1,486.0,486.2,1036.0,308.0,54.1,30.0,139.0,865.0,86.0,45.0,928.0,3.24,2.94,W40x327
W1000x438,1,3.11,34.5,4.28,55600.0,9090.0,17700.0,404.0,20700.0,234.0,1530.0,64.8,2460.0,31800.0,55.7,438.0,436.7,1026.0,305.0,49.0,26.9,139.0,865.0,81.0,43.0,928.0,3.22,2.91,W40x294
W1000x415,1,3.3,35.7,4.07,52800.0,8530.0,16700.0,402.0,19600.0,217.0,1430.0,64.1,2300.0,27000.0,51.5,415.0,415.0,1020.0,304.0,46.0,26.0,139.0,865.0,78.0,43.0,928.0,3.2,2.9,W40x278
W1000x393,1,3.45,38.0,3.85,50100.0,8080.0,15900.0,402.0,18500.0,205.0,1350.0,64.0,2170.0,23300.0,48.4,393.0,392.7,1016.0,303.0,43.9,24.4,139.0,865.0,75.0,42.0,928.0,3.2,2.89,W40x264
W1000x350,1,3.78,44.0,3.43,44600.0,7230.0,14300.0,403.0,16600.0,185.0,1220.0,64.4,1940.0,17200.0,43.2,350.0,349.4,1008.0,302.0,40.0,21.1,140.0,865.0,72.0,41.0,928.0,3.18,2.88,W40x235
W1000x314,1,4.18,48.6,3.08,40000.0,6440.0,12900.0,401.0,14900.0,162.0,1080.0,63.7,1710.0,12600.0,37.7,314.0,314.3,1000.0,300.0,35.9,19.1,140.0,865.0,67.0,40.0,928.0,3.16,2.86,W40x211
W1000x272,1,4.84,56.2,2.67,34600.0,5540.0,11200.0,400.0,12800.0,140.0,933.0,63.5,1470.0,8350.0,32.2,272.0,272.3,990.0,300.0,31.0,16.5,142.0,865.0,63.0,38.0,928.0,3.15,2.85,W40x183
W1000x249,1,5.77,56.2,2.44,31700.0,4810.0,9820.0,390.0,11300.0,118.0,783.0,60.9,1240.0,5820.0,26.7,249.0,248.7,980.0,300.0,26.0,16.5,142.0,865.0,58.0,38.0,928.0,3.13,2.83,W40x167
W1000x222,1,7.11,58.0,2.18,28200.0,4080.0,8410.0,380.0,9800.0,95.4,636.0,58.1,1020.0,3900.0,21.5,222.0,222.0,970.0,300.0,21.1,16.0,142.0,865.0,53.0,38.0,928.0,3.11,2.81,W40x149
W920x1377,1,2.05,11.2,13.5,175400.0,30300.0,55500.0,416.0,67600.0,2060.0,8720.0,108.0,14200.0,596000.0,493.0,1377.0,1376.7,1093.0,473.0,115.1,76.7,198.0,800.0,147.0,68.0,863.0,3.92,3.45,W36x925
W920x1269,1,2,13.5,12.4,161700.0,29000.0,53000.0,423.0,63900.0,1900.0,8240.0,108.0,13100.0,514000.0,454.0,1269.0,1269.0,1093.0,461.0,115.1,64.0,199.0,800.0,147.0,62.0,863.0,3.9,3.44,W36x853
W920x1194,1,2.1,14.3,11.7,152200.0,26900.0,49800.0,421.0,59800.0,1750.0,7660.0,107.0,12200.0,435000.0,413.0,1194.0,1194.4,1081.0,457.0,109.0,60.5,198.0,800.0,141.0,60.0,863.0,3.87,3.41,W36x802
W920x1077,1,2.28,15.7,10.6,137200.0,23800.0,44800.0,416.0,53400.0,1530.0,6770.0,106.0,10700.0,326000.0,353.0,1077.0,1076.6,1061.0,451.0,99.1,55.0,198.0,800.0,131.0,58.0,863.0,3.82,3.37,W36x723
W920x970,1,2.48,17.3,9.52,123700.0,21000.0,40300.0,412.0,47700.0,1340.0,6000.0,104.0,9490.0,243000.0,304.0,970.0,970.7,1043.0,446.0,89.9,50.0,198.0,800.0,121.0,55.0,863.0,3.77,3.32,W36x652
W920x787,1,2.96,21.1,7.71,100400.0,16500.0,32600.0,405.0,38000.0,1030.0,4730.0,102.0,7420.0,134000.0,227.0,787.0,786.6,1011.0,437.0,73.9,40.9,198.0,800.0,105.0,50.0,863.0,3.69,3.25,W36x529
W920x725,1,3.19,22.6,7.1,92400.0,14900.0,29900.0,402.0,34700.0,932.0,4290.0,100.0,6730.0,106000.0,202.0,725.0,724.5,999.0,434.0,68.1,38.1,198.0,800.0,100.0,49.0,863.0,3.66,3.22,W36x487
W920x656,1,3.48,25.0,6.43,83700.0,13400.0,27100.0,400.0,31300.0,830.0,3850.0,99.7,6020.0,79500.0,178.0,656.0,655.7,987.0,431.0,62.0,34.5,198.0,800.0,94.0,47.0,863.0,3.63,3.2,W36x441
W920x588,1,3.82,27.8,5.76,75000.0,11800.0,24200.0,397.0,27800.0,728.0,3410.0,98.6,5310.0,58100.0,154.0,588.0,587.2,975.0,427.0,55.9,31.0,198.0,800.0,87.0,46.0,863.0,3.6,3.17,W36x395
W920x537,1,4.16,30.4,5.25,68500.0,10700.0,22100.0,395.0,25300.0,656.0,3080.0,98.0,4790.0,44500.0,137.0,537.0,535.8,965.0,425.0,51.1,28.4,198.0,800.0,83.0,44.0,863.0,3.57,3.15,W36x361
W920x491,1,4.49,33.3,4.8,62600.0,9660.0,20200.0,394.0,23000.0,590.0,2800.0,97.3,4340.0,34400.0,122.0,491.0,489.3,957.0,422.0,47.0,25.9,198.0,800.0,79.0,43.0,863.0,3.55,3.13,W36x330
W920x449,1,4.95,35.9,4.4,57600.0,8750.0,18500.0,391.0,20900.0,540.0,2550.0,97.2,3950.0,26300.0,111.0,449.0,448.5,948.0,423.0,42.7,24.0,200.0,800.0,74.0,42.0,863.0,3.54,3.12,W36x302
W920x420,1,5.29,38.4,4.11,53500.0,8130.0,17300.0,390.0,19500.0,501.0,2370.0,96.8,3670.0,21500.0,102.0,420.0,419.2,943.0,422.0,39.9,22.5,200.0,800.0,71.0,41.0,863.0,3.53,3.11,W36x282
W920x380,1,5.74,40.5,3.81,49700.0,7420.0,15800.0,387.0,17900.0,453.0,2160.0,95.7,3330.0,16900.0,91.5,390.0,388.0,936.0,420.0,36.6,21.3,199.0,800.0,68.0,41.0,863.0,3.51,3.09,W36x262
W920x368,1,6.11,42.5,3.58,46800.0,6920.0,14900.0,386.0,16800.0,421.0,2010.0,95.1,3100.0,14100.0,84.7,368.0,365.5,931.0,419.0,34.3,20.3,199.0,799.0,66.0,40.0,862.0,3.5,3.08,W36x247
W920x344,1,6.53,44.7,3.37,43900.0,6450.0,13900.0,384.0,15700.0,390.0,1870.0,94.5,2880.0,11600.0,78.1,344.0,343.2,927.0,418.0,32.0,19.3,199.0,800.0,64.0,40.0,863.0,3.49,3.07,W36x231
W920x381,1,3.53,35.4,3.74,48600.0,6960.0,14600.0,379.0,17000.0,219.0,1410.0,67.2,2240.0,21800.0,45.1,381.0,381.1,951.0,310.0,43.9,24.4,143.0,800.0,75.0,42.0,863.0,3.09,2.78,W36x256
W920x345,1,3.86,39.1,3.38,44000.0,6250.0,13300.0,377.0,15300.0,195.0,1270.0,66.7,2000.0,16400.0,39.8,345.0,344.8,943.0,308.0,39.9,22.1,143.0,800.0,71.0,41.0,863.0,3.07,2.77,W36x232
W920x313,1,4.48,40.9,3.06,39900.0,5480.0,11800.0,371.0,13600.0,170.0,1100.0,65.4,1750.0,11500.0,34.3,313.0,312.4,932.0,309.0,34.5,21.1,144.0,800.0,66.0,41.0,863.0,3.06,2.75,W36x210
W920x289,1,4.81,44.5,2.83,36800.0,5040.0,10900.0,370.0,12500.0,156.0,1020.0,65.3,1600.0,9160.0,31.3,289.0,288.3,927.0,308.0,32.0,19.4,144.0,800.0,64.0,40.0,863.0,3.05,2.74,W36x194
W920x271,1,5.12,46.9,2.66,34600.0,4710.0,10200.0,369.0,11800.0,145.0,946.0,64.8,1490.0,7630.0,28.9,271.0,271.4,923.0,307.0,30.0,18.4,144.0,800.0,62.0,39.0,863.0,3.04,2.73,W36x182
W920x253,1,5.48,49.9,2.48,32300.0,4370.0,9510.0,368.0,10900.0,134.0,874.0,64.3,1370.0,6210.0,26.5,253.0,253.4,919.0,306.0,27.9,17.3,144.0,800.0,59.0,39.0,863.0,3.03,2.72,W36x170
W920x238,1,5.89,52.3,2.33,30300.0,4060.0,8870.0,366.0,10200.0,123.0,806.0,63.7,1270.0,5100.0,24.3,238.0,238.0,915.0,305.0,25.9,16.5,144.0,800.0,57.0,38.0,863.0,3.02,2.71,W36x160
W920x223,1,6.36,54.3,2.2,28500.0,3760.0,8260.0,363.0,9520.0,112.0,738.0,62.7,1160.0,4180.0,22.1,223.0,223.9,911.0,304.0,23.9,15.9,144.0,800.0,55.0,38.0,863.0,3.01,2.7,W36x150
W920x201,1,7.56,56.8,1.97,25600.0,3250.0,7190.0,356.0,8340.0,94.4,621.0,60.7,982.0,2880.0,18.4,201.0,201.0,903.0,304.0,20.1,15.2,144.0,800.0,52.0,38.0,863.0,2.99,2.69,W36x135
W840x576,1,3.55,24.9,5.65,73500.0,10100.0,22200.0,371.0,25600.0,672.0,3270.0,95.7,5100.0,61700.0,123.0,576.0,576.6,913.0,411.0,57.9,32.0,190.0,734.0,89.0,46.0,797.0,3.41,3.0,W33x387
W840x527,1,3.85,27.0,5.18,67200.0,9150.0,20300.0,369.0,23300.0,607.0,2970.0,95.0,4620.0,47800.0,110.0,527.0,528.2,903.0,409.0,53.1,29.5,190.0,734.0,85.0,45.0,797.0,3.38,2.97,W33x354
W840x473,1,4.23,30.2,4.55,50300.0,8130.0,18200.0,367.0,20800.0,537.0,2640.0,94.3,4100.0,35100.0,95.8,473.0,473.8,893.0,406.0,48.0,26.4,190.0,734.0,80.0,43.0,797.0,3.36,2.95,W33x318
W840x433,1,4.6,32.7,4.25,55200.0,7360.0,16600.0,365.0,18900.0,484.0,2390.0,93.5,3710.0,27000.0,85.5,433.0,433.8,885.0,404.0,43.9,24.4,190.0,734.0,75.0,42.0,797.0,3.34,2.93,W33x291
W840x392,1,5.03,36.1,3.55,49900.0,6600.0,15000.0,363.0,17000.0,430.0,2140.0,92.7,3310.0,20300.0,75.3,392.0,392.2,877.0,401.0,39.9,22.1,189.0,734.0,71.0,41.0,797.0,3.31,2.91,W33x263
W840x359,1,5.66,37.8,3.53,45700.0,5920.0,13600.0,359.0,15400.0,389.0,1930.0,92.1,2980.0,15100.0,67.4,359.0,359.9,868.0,403.0,35.6,21.1,191.0,734.0,67.0,41.0,797.0,3.31,2.9,W33x241
W840x329,1,6.19,40.5,3.24,41900.0,5360.0,12400.0,357.0,14000.0,349.0,1740.0,91.1,2690.0,11600.0,60.0,329.0,330.0,862.0,401.0,32.4,19.7,191.0,734.0,64.0,40.0,797.0,3.29,2.89,W33x221
W840x299,1,6.85,43.8,2.94,38100.0,4800.0,11200.0,355.0,12700.0,312.0,1560.0,90.4,2410.0,8660.0,53.2,299.0,299.9,855.0,400.0,29.2,18.2,191.0,734.0,61.0,39.0,797.0,3.27,2.87,W33x201
W840x251,1,4.71,46.9,2.46,31900.0,3860.0,9000.0,348.0,10300.0,129.0,884.0,63.6,1380.0,7350.0,22.1,251.0,250.6,859.0,292.0,31.0,17.0,138.0,734.0,63.0,39.0,797.0,2.85,2.56,W33x169
W840x226,1,5.49,49.5,2.22,28800.0,3400.0,7990.0,343.0,9160.0,114.0,774.0,62.8,1210.0,5140.0,19.3,226.0,226.6,851.0,294.0,26.8,16.1,139.0,734.0,58.0,38.0,797.0,2.85,2.55,W33x152
W840x210,1,6,51.8,2.07,26800.0,3110.0,7340.0,340.0,8430.0,103.0,700.0,61.8,1100.0,4050.0,17.3,210.0,210.8,846.0,293.0,24.4,15.4,139.0,734.0,56.0,38.0,797.0,2.83,2.54,W33x141
W840x193,1,6.73,54.2,1.9,24700.0,2780.0,6630.0,336.0,7620.0,90.3,618.0,60.5,971.0,3050.0,15.1,193.0,193.5,840.0,292.0,21.7,14.7,139.0,734.0,53.0,37.0,797.0,2.82,2.53,W33x130
W840x176,1,7.77,57.0,1.73,22400.0,2460.0,5900.0,331.0,6810.0,78.2,536.0,59.1,844.0,2220.0,13.0,176.0,176.0,835.0,292.0,18.8,14.0,139.0,734.0,50.0,37.0,797.0,2.81,2.52,W33x118
W760x582,1,3.19,20.8,5.72,74200.0,8620.0,20400.0,341.0,23800.0,644.0,3250.0,93.2,5080.0,72200.0,98.3,582.0,551.1,711.0,347.0,69.1,38.6,154.0,510.0,101.0,49.0,573.0,2.73,2.39,W24x370
W760x531,1,3.45,22.8,5.21,67600.0,7770.0,18600.0,339.0,21600.0,578.0,2940.0,92.4,4580.0,55600.0,87.0,498.0,498.2,699.0,343.0,63.0,35.1,154.0,510.0,95.0,48.0,573.0,2.7,2.36,W24x335
W760x484,1,3.74,24.8,4.76,61700.0,6990.0,17000.0,336.0,19500.0,517.0,2650.0,91.4,4120.0,42800.0,76.8,455.0,454.1,689.0,340.0,57.9,32.0,154.0,510.0,89.0,46.0,573.0,2.67,2.33,W24x306
W760x389,1,4.12,27.8,4.26,55300.0,6190.0,15200.0,334.0,17400.0,455.0,2350.0,90.7,3650.0,31300.0,66.8,415.0,415.5,679.0,338.0,53.1,29.5,154.0,510.0,85.0,45.0,573.0,2.65,2.31,W24x279
W760x350,1,4.59,30.5,3.82,49500.0,5450.0,13600.0,332.0,15500.0,399.0,2070.0,89.8,3210.0,22500.0,57.8,372.0,372.3,669.0,335.0,48.0,26.4,154.0,510.0,80.0,43.0,573.0,2.63,2.29,W24x250
W760x314,1,5.01,34.1,3.43,44500.0,4870.0,12200.0,330.0,13900.0,355.0,1860.0,89.1,2870.0,16800.0,50.8,341.0,340.4,661.0,333.0,43.9,24.4,154.0,510.0,75.0,42.0,573.0,2.61,2.27,W24x229
W760x284,1,5.75,36.5,3.09,40000.0,4290.0,10900.0,327.0,12300.0,316.0,1640.0,88.7,2540.0,11800.0,44.7,307.0,307.3,653.0,330.0,39.9,22.1,154.0,510.0,71.0,41.0,573.0,2.58,2.25,W24x207
W760x257,1,6.35,39.9,2.79,36200.0,3830.0,9820.0,325.0,11100.0,280.0,1470.0,87.9,2260.0,8750.0,39.3,285.0,285.3,647.0,329.0,37.1,20.6,154.0,510.0,69.0,40.0,573.0,2.57,2.24,W24x192
W760x257,1,7.03,43.3,2.53,32800.0,3430.0,8880.0,323.0,9970.0,250.0,1310.0,87.2,2020.0,6510.0,34.8,262.0,261.1,641.0,327.0,34.0,19.0,154.0,510.0,66.0,40.0,573.0,2.55,2.23,W24x176
W760x220,1,4.43,43.6,2.16,28100.0,2780.0,7140.0,315.0,8190.0,94.4,710.0,58.0,1110.0,6050.0,13.2,241.0,241.7,635.0,329.0,31.0,17.9,156.0,510.0,63.0,39.0,573.0,2.55,2.22,W24x162
W760x195,1,5.28,46.1,1.93,25100.0,2400.0,6240.0,309.0,7170.0,81.7,610.0,57.1,959.0,4040.0,11.3,217.0,217.9,628.0,328.0,27.7,16.5,156.0,510.0,59.0,38.0,573.0,2.54,2.21,W24x146
W760x185,1,5.66,48.2,1.81,23500.0,2230.0,5820.0,308.0,6690.0,75.1,563.0,56.5,884.0,3330.0,10.3,195.0,195.6,622.0,327.0,24.4,15.4,156.0,510.0,56.0,38.0,573.0,2.52,2.19,W24x131
W760x173,1,6.18,49.9,1.7,22100.0,2060.0,5400.0,305.0,6210.0,68.7,515.0,55.7,810.0,2890.0,9.42,174.0,174.3,616.0,325.0,21.6,14.0,156.0,510.0,53.0,37.0,573.0,2.5,2.18,W24x117
W760x161,1,6.89,52.1,1.57,20500.0,1860.0,4900.0,302.0,5660.0,60.7,457.0,54.5,720.0,2070.0,8.28,155.0,154.9,611.0,324.0,19.0,12.7,156.0,510.0,51.0,36.0,573.0,2.49,2.17,W24x104
W760x147,1,7.79,54.5,1.44,18800.0,1660.0,4410.0,298.0,5100.0,52.9,399.0,53.1,631.0,1560.0,7.16,153.0,153.6,623.0,229.0,24.9,14.0,108.0,510.0,56.0,37.0,573.0,2.13,1.91,W24x103
W760x134,2,8.52,60.4,1.31,17000.0,1500.0,4010.0,297.0,4630.0,47.7,361.0,53.0,568.0,1180.0,6.43,140.0,140.1,617.0,230.0,22.2,13.1,108.0,510.0,54.0,37.0,573.0,2.13,1.9,W24x94
W690x802,1,2.15,12.9,7.86,102200.0,10600.0,25700.0,322.0,30900.0,875.0,4520.0,92.6,7140.0,203000.0,119.0,125.0,125.1,612.0,229.0,19.6,11.9,109.0,510.0,51.0,36.0,573.0,2.12,1.89,W24x84
W690x548,1,2.95,18.4,5.38,69800.0,6730.0,17400.0,310.0,20400.0,543.0,2920.0,88.1,4570.0,70700.0,68.2,113.0,113.4,608.0,228.0,17.3,11.2,108.0,510.0,49.0,36.0,573.0,2.11,1.88,W24x76
W690x500,1,3.19,20.2,4.91,63700.0,6060.0,15900.0,308.0,18500.0,487.0,2640.0,87.4,4110.0,54600.0,60.3,101.0,101.7,603.0,228.0,14.9,10.5,109.0,510.0,46.0,35.0,573.0,2.1,1.87,W24x68
W690x457,1,3.46,21.9,4.49,58200.0,5470.0,14500.0,306.0,16800.0,439.0,2390.0,86.7,3720.0,42300.0,53.6,92.0,92.3,603.0,179.0,15.0,10.9,84.0,528.0,38.0,26.0,573.0,1.9,1.72,W24x62
W690x419,1,3.71,24.0,4.11,53300.0,4950.0,13300.0,305.0,15300.0,395.0,2170.0,86.0,3370.0,33000.0,47.7,82.0,81.9,599.0,178.0,12.8,10.0,84.0,528.0,35.0,26.0,573.0,1.89,1.71,W24x55
W690x384,1,4.02,25.9,3.77,48900.0,4490.0,12200.0,303.0,14000.0,357.0,1970.0,85.3,3050.0,25700.0,42.6,409.0,408.6,613.0,327.0,55.6,31.0,148.0,439.0,87.0,46.0,502.0,2.47,2.15,W21x275
W690x350,1,4.4,28.0,3.44,44600.0,4030.0,11100.0,300.0,12600.0,319.0,1770.0,84.4,2740.0,19500.0,37.6,369.0,367.9,603.0,324.0,50.5,27.9,148.0,439.0,82.0,44.0,502.0,2.45,2.12,W21x248
W690x323,1,4.71,30.6,3.18,41100.0,3710.0,10300.0,300.0,11700.0,294.0,1640.0,84.4,2530.0,15700.0,34.4,332.0,331.2,593.0,322.0,45.5,25.4,148.0,439.0,77.0,43.0,502.0,2.42,2.1,W21x223
W690x289,1,5.24,34.0,2.83,36800.0,3260.0,9140.0,298.0,10300.0,256.0,1440.0,83.4,2220.0,11200.0,29.6,300.0,299.5,585.0,319.0,41.4,23.1,148.0,439.0,73.0,42.0,502.0,2.4,2.08,W21x201
W690x255,1,5.93,35.1,2.61,33700.0,2920.0,8270.0,294.0,9330.0,231.0,1290.0,82.7,1980.0,8340.0,26.4,272.0,271.3,577.0,317.0,37.6,21.1,148.0,439.0,89.0,41.0,502.0,2.38,2.06,W21x182
W690x240,1,6.5,38.5,2.36,30600.0,2630.0,7490.0,292.0,8430.0,206.0,1160.0,82.0,1790.0,6270.0,23.4,248.0,246.6,571.0,315.0,34.5,19.0,148.0,439.0,66.0,40.0,502.0,2.36,2.05,W21x166
W690x217,1,7.16,41.9,2.15,27700.0,2360.0,6790.0,291.0,7610.0,185.0,1040.0,81.5,1610.0,4720.0,20.8,219.0,218.9,560.0,318.0,29.2,16.3,150.0,439.0,61.0,39.0,502.0,2.36,2.04,W21x147
W690x192,1,4.55,41.7,1.88,24400.0,1980.0,5640.0,285.0,6460.0,76.4,602.0,56.0,941.0,4610.0,8.68,196.0,196.5,554.0,316.0,26.3,16.5,150.0,438.0,58.0,38.0,501.0,2.34,2.02,W21x132
W690x170,1,5.42,44.5,1.67,21600.0,1700.0,4900.0,280.0,5620.0,66.2,517.0,55.3,809.0,3040.0,7.41,182.0,181.7,551.0,315.0,24.4,15.2,150.0,439.0,56.0,38.0,502.0,2.33,2.02,W21x111
W690x152,1,6.02,49.3,1.49,19400.0,1510.0,4380.0,279.0,5000.0,57.8,455.0,54.6,710.0,2200.0,6.42,165.0,165.3,546.0,313.0,22.2,14.0,150.0,439.0,54.0,37.0,502.0,2.32,2.0,W21x101
W690x140,1,6.72,52.1,1.37,17900.0,1360.0,3980.0,276.0,4550.0,51.7,407.0,53.9,636.0,1670.0,5.72,150.0,150.6,543.0,312.0,20.3,12.7,150.0,439.0,52.0,36.0,502.0,2.31,2.0,W21x101
W690x125,1,7.76,55.2,1.23,16000.0,1180.0,3500.0,272.0,4010.0,44.1,349.0,52.5,546.0,1170.0,4.83,138.0,138.3,549.0,214.0,23.6,14.7,100.0,461.0,44.0,26.0,502.0,1.92,1.71,W21x93
W610x551,1,2.51,14.8,5.4,70200.0,5570.0,15700.0,282.0,18600.0,484.0,2790.0,83.0,4380.0,83800.0,49.9,123.0,123.2,544.0,212.0,21.2,13.1,99.0,461.0,42.0,26.0,502.0,1.91,1.7,W21x83
W610x498,1,2.72,16.3,4.89,63500.0,4950.0,14200.0,279.0,16700.0,426.0,2480.0,81.9,3890.0,63200.0,43.1,109.0,109.0,539.0,211.0,18.8,11.6,100.0,460.0,39.0,25.0,501.0,1.9,1.69,W21x73
W610x455,1,2.94,17.9,4.45,57900.0,4440.0,12900.0,277.0,15100.0,381.0,2240.0,81.1,3500.0,48800.0,37.9,101.0,101.4,537.0,210.0,17.4,10.9,100.0,461.0,38.0,24.0,502.0,1.89,1.68,W21x68
W610x415,1,3.18,19.4,4.07,52900.0,4000.0,11800.0,275.0,13700.0,343.0,2030.0,80.5,3160.0,37700.0,33.6,92.0,92.5,533.0,209.0,15.6,10.2,99.0,461.0,36.0,24.0,502.0,1.88,1.67,W21x62
W610x372,1,3.49,21.7,3.65,47400.0,3530.0,10600.0,273.0,12200.0,302.0,1800.0,79.8,2800.0,27700.0,29.1,82.0,82.1,528.0,209.0,13.3,9.5,100.0,460.0,34.0,24.0,501.0,1.87,1.66,W21x55
W610x341,1,3.79,23.5,3.34,43400.0,3180.0,9630.0,271.0,11100.0,271.0,1630.0,79.0,2520.0,21300.0,25.8,72.0,72.0,524.0,207.0,10.9,9.0,99.0,461.0,31.0,24.0,502.0,1.86,1.65,W21x48
W610x307,1,4.14,25.9,3.01,39100.0,2840.0,8690.0,269.0,9930.0,240.0,1450.0,78.2,2240.0,15900.0,22.5,85.0,84.7,535.0,166.0,16.5,10.3,78.0,461.0,37.0,24.0,502.0,1.71,1.55,W21x57
W610x285,1,4.43,27.8,2.8,36100.0,2610.0,8060.0,268.0,9170.0,221.0,1340.0,77.9,2070.0,12800.0,20.5,74.0,74.7,529.0,166.0,13.6,9.7,78.0,461.0,34.0,24.0,502.0,1.7,1.54,W21x50
W610x262,1,4.81,30.2,2.56,33300.0,2360.0,7360.0,266.0,8350.0,198.0,1210.0,77.2,1870.0,9900.0,18.3,66.0,65.7,525.0,165.0,11.4,8.9,78.0,461.0,32.0,23.0,502.0,1.69,1.53,W21x44
W610x241,1,5.31,32.0,2.37,30800.0,2150.0,6780.0,264.0,7670.0,184.0,1120.0,77.4,1730.0,7700.0,16.8,464.0,464.0,567.0,305.0,69.6,38.6,133.0,385.0,91.0,39.0,428.0,2.28,1.97,W18x311
W610x217,1,5.92,34.7,2.14,27700.0,1910.0,6070.0,262.0,6850.0,163.0,995.0,76.7,1530.0,5600.0,14.7,421.0,421.8,555.0,302.0,63.5,35.6,133.0,385.0,85.0,38.0,428.0,2.25,1.94,W18x283
W610x195,1,6.7,37.2,1.92,24800.0,1680.0,5400.0,260.0,6070.0,142.0,871.0,75.6,1340.0,3970.0,12.7,384.0,384.1,545.0,299.0,58.4,32.5,133.0,385.0,80.0,36.0,428.0,2.22,1.92,W18x258
W610x174,1,7.52,40.9,1.71,22200.0,1470.0,4780.0,257.0,5360.0,124.0,761.0,74.7,1170.0,2800.0,10.9,349.0,348.9,535.0,296.0,53.6,29.5,133.0,385.0,75.0,35.0,428.0,2.2,1.9,W18x234
W610x155,2,8.53,45.1,1.52,19700.0,1290.0,4220.0,256.0,4730.0,108.0,666.0,73.9,1020.0,1950.0,9.45,315.0,314.2,525.0,293.0,48.5,26.9,133.0,385.0,70.0,33.0,428.0,2.17,1.88,W18x211
W610x153,1,4.6,40.9,1.51,19600.0,1250.0,4020.0,253.0,4600.0,50.0,437.0,50.5,682.0,2950.0,4.47,286.0,285.6,517.0,291.0,44.4,24.4,133.0,385.0,66.0,32.0,428.0,2.15,1.86,W18x192
W610x140,1,5.18,43.7,1.37,17900.0,1120.0,3630.0,250.0,4150.0,45.1,392.0,50.3,613.0,2180.0,3.99,260.0,259.9,509.0,289.0,40.4,22.6,133.0,385.0,62.0,32.0,428.0,2.13,1.84,W18x175
W610x125,1,5.84,48.1,1.23,15900.0,985.0,3220.0,249.0,3670.0,39.3,343.0,49.7,535.0,1540.0,3.45,235.0,234.8,501.0,287.0,36.6,20.6,133.0,384.0,58.0,31.0,428.0,2.11,1.82,W18x158
W610x113,1,6.59,51.2,1.11,14500.0,875.0,2880.0,246.0,3290.0,34.3,300.0,48.7,469.0,1120.0,2.99,213.0,212.7,495.0,285.0,33.5,18.5,133.0,384.0,55.0,30.0,428.0,2.09,1.81,W18x143
W610x101,1,7.65,54.6,0.997,13000.0,764.0,2530.0,243.0,2900.0,29.5,259.0,47.7,404.0,781.0,2.55,193.0,193.3,489.0,283.0,30.5,17.0,133.0,384.0,52.0,29.0,428.0,2.08,1.79,W18x130
W610x82,1,5.97,52.6,0.905,11700.0,646.0,2140.0,234.0,2510.0,14.4,161.0,35.0,258.0,710.0,1.25,177.0,177.3,482.0,286.0,26.9,16.6,135.0,385.0,49.0,29.0,428.0,2.07,1.79,W18x119
W610x82,1,6.95,57.3,0.803,10500.0,560.0,1870.0,232.0,2200.0,12.1,136.0,34.0,218.0,488.0,1.04,158.0,157.7,476.0,284.0,23.9,15.0,135.0,385.0,46.0,28.0,428.0,2.06,1.77,W18x106
W530x409,1,2.94,16.2,4.01,52200.0,3170.0,10300.0,247.0,12100.0,325.0,1990.0,79.1,3100.0,41300.0,25.3,144.0,144.5,472.0,283.0,22.1,13.6,135.0,384.0,44.0,27.0,428.0,2.05,1.77,W18x97
W530x369,1,3.21,18.0,3.61,47000.0,2810.0,9310.0,245.0,10800.0,287.0,1770.0,78.3,2750.0,30800.0,21.9,128.0,128.4,467.0,282.0,19.6,12.2,135.0,384.0,41.0,26.0,428.0,2.04,1.76,W18x86
W530x332,1,3.54,19.8,3.25,42300.0,2480.0,8350.0,242.0,9660.0,254.0,1580.0,77.6,2440.0,22600.0,19.0,113.0,113.0,463.0,280.0,17.3,10.8,135.0,385.0,39.0,26.0,428.0,2.02,1.74,W18x76
W530x300,1,3.65,21.7,2.94,38200.0,2210.0,7550.0,241.0,8670.0,225.0,1410.0,76.7,2180.0,17000.0,16.6,106.0,105.7,469.0,194.0,20.6,12.6,91.0,391.0,39.0,23.0,428.0,1.69,1.49,W18x71
W530x272,1,4.22,23.8,2.66,34600.0,1970.0,6820.0,239.0,7780.0,200.0,1260.0,76.1,1950.0,12800.0,14.6,97.0,96.5,466.0,193.0,19.0,11.4,91.0,391.0,38.0,23.0,428.0,1.68,1.49,W18x65
W530x248,1,4.57,26.4,2.42,31500.0,1770.0,6220.0,238.0,7060.0,180.0,1140.0,75.7,1760.0,9770.0,13.0,89.0,89.3,463.0,192.0,17.7,10.5,91.0,391.0,36.0,22.0,428.0,1.67,1.48,W18x60
W530x219,1,5.45,27.4,2.15,27900.0,1510.0,5390.0,233.0,6110.0,157.0,986.0,75.0,1520.0,6420.0,11.0,82.0,81.9,460.0,191.0,16.0,9.9,91.0,391.0,35.0,22.0,428.0,1.66,1.47,W18x55
W530x196,1,6.01,30.4,1.93,25000.0,1340.0,4840.0,231.0,5460.0,139.0,877.0,74.4,1350.0,4700.0,9.64,74.0,74.2,457.0,190.0,14.5,9.0,91.0,391.0,33.0,22.0,428.0,1.66,1.47,W18x50
W530x182,1,6.45,33.0,1.78,23200.0,1240.0,4480.0,231.0,5040.0,127.0,808.0,74.2,1240.0,3740.0,8.82,68.0,68.5,459.0,154.0,15.4,9.1,72.0,391.0,34.0,22.0,428.0,1.52,1.36,W18x46
W530x165,1,7.05,35.8,1.62,21100.0,1110.0,4060.0,230.0,4550.0,114.0,726.0,73.4,1110.0,2830.0,7.79,60.0,59.5,455.0,153.0,13.3,8.0,73.0,391.0,32.0,21.0,428.0,1.51,1.35,W18x40
W530x150,1,7.68,39.6,1.48,19200.0,1010.0,3710.0,229.0,4150.0,103.0,659.0,73.2,1010.0,2160.0,7.03,52.0,52.0,450.0,152.0,10.8,7.6,72.0,391.0,29.0,21.0,428.0,1.49,1.34,W18x35
W530x138,1,4.53,34.1,1.36,17600.0,861.0,3140.0,221.0,3610.0,38.7,362.0,46.9,569.0,2500.0,2.67,149.0,149.3,431.0,265.0,25.0,14.9,125.0,337.0,47.0,28.0,381.0,1.89,1.63,W16x100
W530x123,1,5,38.3,1.21,15700.0,761.0,2800.0,220.0,3210.0,33.8,319.0,46.4,499.0,1800.0,2.31,132.0,132.1,425.0,263.0,22.2,13.3,125.0,337.0,44.0,27.0,381.0,1.88,1.61,W16x89
W530x109,1,5.61,43.2,1.07,13900.0,667.0,2480.0,219.0,2830.0,29.5,280.0,46.1,437.0,1260.0,2.0,114.0,114.5,420.0,261.0,19.3,11.6,125.0,338.0,41.0,26.0,381.0,1.86,1.6,W16x77
W530x101,1,6.03,46.1,0.995,12900.0,617.0,2300.0,219.0,2620.0,26.9,256.0,45.6,400.0,1020.0,1.82,100.0,99.6,415.0,260.0,16.9,10.0,125.0,338.0,39.0,25.0,381.0,1.85,1.59,W16x67
W530x92,1,6.7,49.2,0.907,11800.0,552.0,2070.0,217.0,2360.0,23.8,228.0,44.9,355.0,762.0,1.59,85.0,85.0,417.0,181.0,18.2,10.9,85.0,340.0,39.0,24.0,381.0,1.54,1.36,W16x57
W530x82,2,7.86,52.8,0.805,10500.0,477.0,1810.0,213.0,2060.0,20.3,194.0,44.0,303.0,518.0,1.34,74.0,74.9,413.0,180.0,16.0,9.7,85.0,340.0,37.0,24.0,381.0,1.53,1.35,W16x50
W530x72,3,9.5,55.8,0.706,9180.0,401.0,1530.0,209.0,1760.0,16.2,156.0,42.0,245.0,338.0,1.06,67.0,67.5,410.0,179.0,14.4,8.8,85.0,340.0,35.0,23.0,381.0,1.52,1.34,W16x45
W530x85,1,5.03,48.7,0.83,10800.0,485.0,1810.0,212.0,2100.0,12.6,152.0,34.2,242.0,737.0,0.849,60.0,59.5,407.0,178.0,12.8,7.7,85.0,340.0,33.0,23.0,381.0,1.51,1.33,W16x40
W530x74,1,6.1,51.7,0.733,9480.0,411.0,1550.0,208.0,1810.0,10.4,125.0,33.1,200.0,480.0,0.692,54.0,53.4,403.0,177.0,10.9,7.5,85.0,340.0,31.0,23.0,381.0,1.5,1.32,W16x36
W530x66,1,7.24,56.4,0.644,8390.0,351.0,1340.0,205.0,1560.0,8.57,104.0,32.0,166.0,320.0,0.565,46.0,46.2,403.0,140.0,11.2,7.0,67.0,344.0,30.0,21.0,381.0,1.35,1.21,W16x31
W460x464,1,2.19,11.1,4.55,59100.0,2900.0,10200.0,222.0,12400.0,331.0,2170.0,74.9,3400.0,73100.0,20.5,39.0,39.2,399.0,140.0,8.8,6.4,67.0,344.0,27.0,20.0,381.0,1.35,1.21,W16x26
W460x421,1,2.38,12.0,4.14,53700.0,2570.0,9250.0,219.0,11100.0,293.0,1940.0,73.9,3030.0,55700.0,17.7,1299.0,1299.0,600.0,476.0,140.0,100.0,188.0,257.0,172.0,80.0,320.0,2.9,2.43,W14x873
W460x384,1,2.56,13.2,3.77,49000.0,2290.0,8420.0,217.0,10000.0,261.0,1750.0,73.1,2730.0,42700.0,15.5,1202.0,1201.5,580.0,471.0,130.0,95.0,188.0,257.0,162.0,78.0,320.0,2.85,2.38,W14x808
W460x349,1,2.76,14.5,3.42,44400.0,2040.0,7640.0,214.0,9010.0,233.0,1570.0,72.3,2440.0,32800.0,13.5,1086.0,1087.8,569.0,454.0,125.0,78.0,188.0,256.0,157.0,69.0,319.0,2.8,2.34,W14x730
W460x315,1,3.02,15.9,3.08,40100.0,1800.0,6850.0,212.0,8020.0,204.0,1390.0,71.4,2160.0,24300.0,11.6,990.0,991.0,550.0,448.0,115.0,71.9,188.0,257.0,147.0,66.0,320.0,2.75,2.3,W14x665
W460x286,1,3.28,17.5,2.8,36400.0,1610.0,6230.0,210.0,7240.0,183.0,1260.0,70.9,1940.0,18600.0,10.2,900.0,902.1,531.0,442.0,106.0,65.9,188.0,256.0,138.0,63.0,319.0,2.7,2.26,W14x605
W460x260,1,3.58,18.9,2.55,33100.0,1440.0,5650.0,208.0,6530.0,163.0,1130.0,70.1,1740.0,14100.0,8.95,818.0,819.0,514.0,437.0,97.0,60.5,188.0,257.0,129.0,60.0,320.0,2.66,2.22,W14x550
W460x235,1,3.92,20.8,2.3,29900.0,1270.0,5080.0,206.0,5840.0,145.0,1010.0,69.5,1550.0,10500.0,7.79,744.0,744.2,498.0,432.0,88.9,55.6,188.0,257.0,120.0,58.0,320.0,2.61,2.18,W14x500
W460x213,1,4.25,23.1,2.09,27100.0,1140.0,4620.0,205.0,5270.0,129.0,909.0,69.1,1400.0,7970.0,6.89,677.0,677.8,483.0,428.0,81.5,51.2,188.0,257.0,113.0,56.0,320.0,2.58,2.15,W14x455
W460x193,1,4.64,25.2,1.9,24700.0,1020.0,4190.0,204.0,4750.0,115.0,816.0,68.5,1250.0,6030.0,6.06,634.0,634.3,474.0,424.0,77.1,47.6,188.0,257.0,109.0,54.0,320.0,2.55,2.12,W14x426
W460x177,1,5.32,25.8,1.74,22600.0,910.0,3780.0,201.0,4280.0,105.0,735.0,68.2,1130.0,4400.0,5.44,592.0,592.6,465.0,421.0,72.3,45.0,188.0,257.0,104.0,53.0,320.0,2.52,2.1,W14x398
W460x158,1,5.94,28.5,1.55,20100.0,796.0,3350.0,199.0,3770.0,91.4,643.0,67.4,989.0,3110.0,4.67,551.0,550.6,455.0,418.0,67.6,42.0,188.0,257.0,99.0,51.0,320.0,2.5,2.08,W14x370
W460x144,1,6.4,31.5,1.42,18400.0,726.0,3080.0,199.0,3450.0,83.6,591.0,67.4,906.0,2440.0,4.23,509.0,509.4,446.0,416.0,62.7,39.1,188.0,258.0,94.0,50.0,321.0,2.48,2.06,W14x342
W460x129,1,7.19,36.1,1.26,16300.0,637.0,2730.0,197.0,3050.0,73.3,520.0,67.0,796.0,1710.0,3.67,463.0,462.8,435.0,412.0,57.4,35.8,188.0,257.0,89.0,48.0,320.0,2.45,2.03,W14x311
W460x113,2,8.09,39.7,1.11,14400.0,556.0,2400.0,196.0,2670.0,63.3,452.0,66.3,691.0,1180.0,3.15,421.0,421.6,425.0,409.0,52.6,32.8,188.0,257.0,84.0,46.0,320.0,2.42,2.01,W14x283
W460x106,1,4.71,34.0,1.04,13400.0,488.0,2080.0,190.0,2390.0,25.1,259.0,43.2,405.0,1460.0,1.26,382.0,382.3,416.0,406.0,48.0,29.8,188.0,257.0,80.0,45.0,320.0,2.4,1.99,W14x257
W460x87,1,5.08,37.5,0.947,12300.0,445.0,1910.0,190.0,2180.0,22.8,237.0,43.1,388.0,1130.0,1.14,347.0,346.9,407.0,404.0,43.7,27.2,188.0,257.0,76.0,44.0,320.0,2.38,1.97,W14x233
W460x89,1,5.42,40.7,0.875,11400.0,409.0,1770.0,190.0,2010.0,20.9,218.0,42.9,339.0,905.0,1.04,314.0,313.3,399.0,401.0,39.6,24.9,188.0,257.0,71.0,42.0,320.0,2.35,1.95,W14x211
W460x82,1,5.97,43.2,0.803,10500.0,370.0,1610.0,188.0,1830.0,18.6,195.0,42.2,303.0,690.0,0.918,287.0,287.5,393.0,399.0,36.6,22.6,188.0,257.0,68.0,41.0,320.0,2.34,1.94,W14x193
W460x74,1,6.55,47.6,0.727,9480.0,332.0,1460.0,188.0,1650.0,16.6,175.0,41.9,271.0,516.0,0.813,262.0,262.7,387.0,398.0,33.3,21.1,188.0,257.0,65.0,41.0,320.0,2.32,1.93,W14x176
W460x68,1,5,47.1,0.672,8710.0,297.0,1290.0,184.0,1490.0,9.4,122.0,32.8,192.0,508.0,0.463,237.0,238.2,380.0,395.0,30.2,18.9,188.0,257.0,62.0,39.0,320.0,2.3,1.91,W14x159
W460x60,1,5.75,53.6,0.584,7610.0,255.0,1120.0,183.0,1280.0,7.96,104.0,32.4,163.0,334.0,0.388,216.0,216.3,375.0,394.0,27.7,17.3,188.0,257.0,59.0,39.0,320.0,2.29,1.9,W14x145
W460x52,1,7.04,56.4,0.51,6650.0,212.0,942.0,179.0,1090.0,6.34,83.4,30.9,131.0,209.0,0.306,196.0,196.5,372.0,374.0,26.2,16.4,179.0,257.0,58.0,38.0,320.0,2.21,1.83,W14x132
W410x149,1,5.3,25.6,1.46,19000.0,618.0,2870.0,180.0,3250.0,77.7,586.0,63.9,900.0,3210.0,3.2,179.0,179.2,368.0,373.0,23.9,15.0,179.0,257.0,55.0,38.0,320.0,2.2,1.83,W14x120
W410x132,1,5.92,28.6,1.3,16900.0,538.0,2530.0,179.0,2850.0,67.4,512.0,63.3,785.0,2250.0,2.73,162.0,161.9,364.0,371.0,21.8,13.3,179.0,257.0,53.0,37.0,320.0,2.19,1.81,W14x109
W410x114,1,6.76,32.9,1.12,14600.0,461.0,2200.0,178.0,2460.0,57.2,439.0,62.7,671.0,1480.0,2.3,147.0,147.5,360.0,370.0,19.8,12.3,179.0,257.0,51.0,36.0,320.0,2.18,1.81,W14x99
W410x100,1,7.69,38.1,0.977,12700.0,398.0,1920.0,177.0,2130.0,49.5,381.0,62.5,581.0,993.0,1.96,134.0,133.9,356.0,369.0,18.0,11.2,179.0,257.0,50.0,36.0,320.0,2.17,1.8,W14x90
W410x85,1,4.97,34.9,0.833,10800.0,315.0,1510.0,171.0,1720.0,18.0,199.0,40.8,310.0,924.0,0.717,122.0,121.7,363.0,257.0,21.7,13.0,122.0,276.0,44.0,27.0,320.0,1.73,1.47,W14x82
W410x74,1,5.63,39.3,0.735,9480.0,275.0,1330.0,170.0,1510.0,15.6,173.0,40.4,269.0,636.0,0.614,110.0,110.2,360.0,256.0,19.9,11.4,122.0,277.0,42.0,26.0,320.0,1.72,1.47,W14x74
W410x67,1,6.22,43.3,0.662,8580.0,245.0,1200.0,169.0,1360.0,13.8,154.0,40.1,239.0,468.0,0.54,101.0,101.2,357.0,255.0,18.3,10.5,122.0,277.0,40.0,26.0,320.0,1.71,1.46,W14x68
W410x60,1,6.95,49.5,0.583,7610.0,216.0,1060.0,169.0,1190.0,12.0,135.0,39.9,209.0,327.0,0.468,91.0,90.8,353.0,254.0,16.4,9.5,122.0,277.0,38.0,25.0,320.0,1.7,1.45,W14x61
W410x54,2,8.12,50.8,0.524,6840.0,186.0,923.0,165.0,1050.0,10.1,114.0,38.5,177.0,225.0,0.388,79.0,79.2,354.0,205.0,16.8,9.4,98.0,277.0,39.0,25.0,320.0,1.51,1.3,W14x53
W410x46,1,6.25,54.4,0.453,5880.0,156.0,772.0,163.0,884.0,5.14,73.4,29.5,115.0,192.0,0.197,72.0,71.5,350.0,204.0,15.1,8.6,98.0,276.0,37.0,25.0,320.0,1.5,1.29,W14x48
W410x39,2,7.95,59.6,0.384,4950.0,126.0,634.0,159.0,730.0,4.04,57.6,28.4,90.6,110.0,0.154,64.0,63.9,347.0,203.0,13.5,7.7,98.0,276.0,35.0,24.0,320.0,1.49,1.29,W14x43
W360x1299,1,1.7,3.2,12.7,165000.0,7550.0,25200.0,214.0,33200.0,2540.0,10700.0,124.0,16700.0,944000.0,135.0,1299.0,1299.0,600.0,476.0,140.0,100.0,188.0,257.0,172.0,80.0,320.0,2.9,2.43,W14x873
W360x1202,1,1.81,3.37,11.8,153000.0,6640.0,22900.0,208.0,30000.0,2290.0,9710.0,122.0,15200.0,762000.0,116.0,1202.0,1201.5,580.0,471.0,130.0,95.0,188.0,257.0,162.0,78.0,320.0,2.85,2.38,W14x808
W360x1086,1,1.82,4.09,10.7,139000.0,5960.0,20900.0,207.0,27200.0,1960.0,8650.0,119.0,13400.0,605000.0,96.7,1086.0,1087.8,569.0,454.0,125.0,78.0,188.0,256.0,157.0,69.0,319.0,2.8,2.34,W14x730
W360x990,1,1.95,4.45,9.72,125000.0,5190.0,18900.0,203.0,24300.0,1730.0,7740.0,117.0,12000.0,469000.0,82.0,990.0,991.0,550.0,448.0,115.0,71.9,188.0,257.0,147.0,66.0,320.0,2.75,2.3,W14x665
W360x900,1,2.06,4.84,8.85,115000.0,4500.0,17000.0,198.0,21600.0,1530.0,6940.0,116.0,10700.0,364000.0,69.2,900.0,902.1,531.0,442.0,106.0,65.9,188.0,256.0,138.0,63.0,319.0,2.7,2.26,W14x605
W360x818,1,2.25,5.29,8.03,105000.0,3670.0,15300.0,194.0,19300.0,1360.0,5200.0,114.0,9560.0,278000.0,56.9,818.0,819.0,514.0,437.0,97.0,60.5,188.0,257.0,129.0,60.0,320.0,2.66,2.22,W14x550
W360x744,1,2.43,5.76,7.3,94800.0,3420.0,13700.0,190.0,17200.0,1020.0,6550.0,112.0,8550.0,214000.0,50.2,744.0,744.2,498.0,432.0,88.9,55.6,188.0,257.0,120.0,58.0,320.0,2.61,2.18,W14x500
W360x677,1,2.63,6.25,6.65,86500.0,2990.0,12400.0,185.0,15300.0,1070.0,4990.0,111.0,7680.0,184000.0,43.1,677.0,677.8,483.0,428.0,81.5,51.2,188.0,257.0,113.0,56.0,320.0,2.58,2.15,W14x455
W360x634,1,2.75,6.72,6.22,80800.0,2740.0,11600.0,184.0,14200.0,983.0,4630.0,110.0,7120.0,138000.0,38.7,634.0,634.3,474.0,424.0,77.1,47.6,188.0,257.0,109.0,54.0,320.0,2.55,2.12,W14x426
W360x592,1,2.91,7.12,5.81,75500.0,2500.0,10800.0,182.0,13100.0,902.0,4280.0,109.0,6570.0,114000.0,34.8,592.0,592.6,465.0,421.0,72.3,45.0,188.0,257.0,104.0,53.0,320.0,2.52,2.1,W14x398
W360x551,1,3.09,7.61,5.4,70300.0,2260.0,9940.0,180.0,12100.0,825.0,3950.0,108.0,6050.0,92500.0,31.0,551.0,550.6,455.0,418.0,67.6,42.0,188.0,257.0,99.0,51.0,320.0,2.5,2.08,W14x370
W360x509,1,3.32,8.2,5.0,65200.0,2050.0,9170.0,178.0,11000.0,754.0,3630.0,108.0,5550.0,73900.0,27.7,509.0,509.4,446.0,416.0,62.7,39.1,188.0,258.0,94.0,50.0,321.0,2.48,2.06,W14x342
W360x463,1,3.59,8.94,4.54,59000.0,1800.0,8280.0,175.0,9880.0,670.0,3250.0,107.0,4980.0,56500.0,23.9,463.0,462.8,435.0,412.0,57.4,35.8,188.0,257.0,89.0,48.0,320.0,2.45,2.03,W14x311
W360x421,1,3.89,9.75,4.13,53700.0,1600.0,7510.0,172.0,8880.0,601.0,2940.0,106.0,4490.0,43400.0,20.8,421.0,421.6,425.0,409.0,52.6,32.8,188.0,257.0,84.0,46.0,320.0,2.42,2.01,W14x283
W360x382,1,4.23,10.7,3.75,48800.0,1410.0,6790.0,170.0,7980.0,536.0,2640.0,105.0,4030.0,32800.0,18.2,382.0,382.3,416.0,406.0,48.0,29.8,188.0,257.0,80.0,45.0,320.0,2.4,1.99,W14x257
W360x347,1,4.62,11.8,3.4,44200.0,1250.0,6140.0,168.0,7140.0,481.0,2380.0,104.0,3630.0,24800.0,15.9,347.0,346.9,407.0,404.0,43.7,27.2,188.0,257.0,75.0,44.0,320.0,2.38,1.97,W14x233
W360x314,1,5.06,12.8,3.07,40000.0,1100.0,5530.0,166.0,6370.0,426.0,2120.0,103.0,3240.0,18500.0,13.8,314.0,313.3,399.0,401.0,39.6,24.9,188.0,257.0,71.0,42.0,320.0,2.35,1.95,W14x211
W360x287,1,5.48,14.2,2.82,36600.0,997.0,5070.0,165.0,5810.0,388.0,1940.0,103.0,2960.0,14500.0,12.3,287.0,287.5,393.0,399.0,36.6,22.6,188.0,257.0,68.0,41.0,320.0,2.34,1.94,W14x193
W360x262,1,5.98,15.2,2.58,33400.0,894.0,4620.0,163.0,5260.0,350.0,1760.0,102.0,2680.0,11000.0,11.0,262.0,262.7,387.0,398.0,33.3,21.1,188.0,257.0,65.0,41.0,320.0,2.32,1.93,W14x176
W360x237,1,6.54,16.9,2.32,30100.0,788.0,4150.0,162.0,4690.0,310.0,1570.0,102.0,2390.0,8180.0,9.5,237.0,236.2,380.0,395.0,30.2,18.9,188.0,257.0,62.0,39.0,320.0,2.3,1.91,W14x159
W360x216,1,7.11,18.5,2.12,27500.0,711.0,3790.0,161.0,4260.0,283.0,1430.0,101.0,2180.0,6320.0,8.52,216.0,216.3,375.0,394.0,27.7,17.3,188.0,257.0,59.0,39.0,320.0,2.29,1.9,W14x145
W360x196,1,7.14,19.5,1.93,25000.0,636.0,3420.0,159.0,3840.0,229.0,1220.0,95.6,1860.0,5130.0,6.83,196.0,196.5,372.0,374.0,26.2,16.4,179.0,257.0,58.0,38.0,320.0,2.21,1.83,W14x132
W360x179,1,7.8,21.3,1.76,22800.0,574.0,3120.0,159.0,3480.0,207.0,1110.0,95.2,1860.0,3910.0,6.12,179.0,179.2,368.0,373.0,23.9,15.0,179.0,257.0,55.0,38.0,320.0,2.2,1.83,W14x120
W360x162,2,8.51,24.1,1.59,20600.0,515.0,2830.0,158.0,3140.0,186.0,1000.0,94.9,1520.0,2940.0,5.43,162.0,161.9,364.0,371.0,21.8,13.3,179.0,257.0,53.0,37.0,320.0,2.19,1.81,W14x109
W360x147,3,9.34,26.0,1.45,18800.0,463.0,2570.0,157.0,2840.0,167.0,904.0,94.3,1370.0,2230.0,4.84,147.0,147.5,360.0,370.0,19.8,12.3,179.0,257.0,51.0,36.0,320.0,2.18,1.81,W14x99
W360x134,3,10.3,28.6,1.31,17100.0,415.0,2330.0,156.0,2560.0,151.0,817.0,94.0,1240.0,1680.0,4.31,134.0,133.9,356.0,369.0,18.0,11.2,179.0,257.0,50.0,36.0,320.0,2.17,1.8,W14x90
W360x122,1,5.92,24.6,1.19,15500.0,365.0,2010.0,154.0,2270.0,61.5,478.0,63.0,732.0,2110.0,1.79,122.0,121.7,363.0,257.0,21.7,13.0,122.0,276.0,44.0,27.0,320.0,1.73,1.47,W14x82
W360x110,1,6.43,28.1,1.08,14100.0,331.0,1840.0,154.0,2060.0,55.7,435.0,63.0,664.0,1600.0,1.61,110.0,110.2,360.0,256.0,19.9,11.4,122.0,277.0,42.0,26.0,320.0,1.72,1.47,W14x74
W360x101,1,6.97,30.5,0.992,12900.0,301.0,1690.0,153.0,1880.0,50.6,397.0,62.7,605.0,1250.0,1.45,101.0,101.2,357.0,255.0,18.3,10.5,122.0,277.0,40.0,26.0,320.0,1.71,1.46,W14x68
W360x91,1,7.74,33.7,0.89,11500.0,267.0,1510.0,152.0,1680.0,44.8,353.0,62.3,538.0,914.0,1.27,91.0,90.8,353.0,254.0,16.4,9.5,122.0,277.0,38.0,25.0,320.0,1.7,1.45,W14x61
W360x79,1,6.1,34.1,0.777,10100.0,226.0,1280.0,150.0,1430.0,24.2,236.0,48.9,362.0,811.0,0.687,79.0,79.2,354.0,205.0,16.8,9.4,98.0,277.0,39.0,25.0,320.0,1.51,1.3,W14x53
W360x72,1,6.75,37.2,0.701,9100.0,201.0,1150.0,149.0,1280.0,21.4,210.0,48.5,322.0,601.0,0.6,72.0,71.5,350.0,204.0,15.1,8.6,98.0,276.0,37.0,25.0,320.0,1.5,1.29,W14x48
W360x64,1,7.52,41.6,0.626,8130.0,178.0,1030.0,148.0,1140.0,18.8,186.0,48.1,284.0,436.0,0.524,64.0,63.9,347.0,203.0,13.5,7.7,98.0,276.0,35.0,24.0,320.0,1.49,1.29,W14x43
W360x57,1,6.56,42.0,0.555,7230.0,160.0,896.0,149.0,1010.0,11.1,129.0,39.3,199.0,333.0,0.331,57.0,56.6,358.0,172.0,13.1,7.9,82.0,295.0,31.0,21.0,332.0,1.39,1.22,W14x38
W360x51,1,7.37,46.1,0.496,6450.0,141.0,796.0,148.0,893.0,9.68,113.0,38.8,174.0,237.0,0.285,51.0,50.6,355.0,171.0,11.6,7.2,82.0,295.0,30.0,20.0,332.0,1.38,1.21,W14x34
W360x45,2,8.72,48.2,0.441,5710.0,122.0,691.0,146.0,778.0,8.18,95.7,37.8,148.0,159.0,0.239,45.0,45.0,352.0,171.0,9.8,6.9,82.0,296.0,28.0,20.0,332.0,1.37,1.2,W14x30
W360x39,1,5.98,51.0,0.383,4960.0,102.0,580.0,143.0,662.0,3.75,58.6,27.4,91.6,150.0,0.11,39.0,39.1,353.0,128.0,10.7,6.5,61.0,295.0,29.0,20.0,332.0,1.21,1.08,W14x26
W360x33,1,7.47,57.2,0.321,4190.0,82.6,473.0,141.0,541.0,2.91,45.8,26.4,71.8,85.3,0.0843,33.0,32.7,349.0,127.0,8.5,5.8,61.0,296.0,27.0,20.0,332.0,1.19,1.07,W14x22
W310x500,1,2.26,6.14,4.91,63700.0,1690.0,7910.0,163.0,9880.0,494.0,2910.0,88.0,4490.0,101000.0,15.3,500.0,500.4,427.0,340.0,75.1,45.1,147.0,233.0,97.0,43.0,277.0,2.12,1.78,W12x336
W310x454,1,2.45,6.72,4.45,57800.0,1480.0,7130.0,160.0,8820.0,436.0,2600.0,86.8,4000.0,77200.0,13.1,454.0,454.0,415.0,336.0,68.7,41.3,147.0,234.0,91.0,41.0,278.0,2.09,1.76,W12x305
W310x415,1,2.66,7.14,4.07,52800.0,1300.0,6450.0,157.0,7900.0,391.0,2340.0,86.0,3610.0,59500.0,11.3,415.0,415.1,403.0,334.0,62.7,38.9,148.0,234.0,85.0,40.0,278.0,2.06,1.73,W12x279
W310x375,1,2.88,7.81,3.68,47800.0,1130.0,5770.0,154.0,7000.0,344.0,2080.0,84.8,3210.0,44900.0,9.57,375.0,374.8,391.0,330.0,57.2,35.4,147.0,233.0,79.0,38.0,277.0,2.03,1.7,W12x252
W310x342,1,3.12,8.49,3.37,43700.0,1010.0,5260.0,152.0,6330.0,310.0,1890.0,84.2,2910.0,34900.0,8.42,342.0,343.2,382.0,328.0,52.6,32.6,148.0,233.0,74.0,37.0,277.0,2.01,1.68,W12x230
W310x313,1,3.36,9.25,3.07,39900.0,896.0,4790.0,150.0,5720.0,277.0,1700.0,83.3,2620.0,27000.0,7.35,313.0,313.3,374.0,325.0,48.3,30.0,148.0,234.0,70.0,35.0,277.0,1.99,1.66,W12x210
W310x283,1,3.65,10.3,2.77,36000.0,787.0,4310.0,148.0,5100.0,246.0,1530.0,82.6,2340.0,20300.0,6.33,283.0,282.9,365.0,322.0,44.1,26.9,148.0,233.0,66.0,34.0,277.0,1.96,1.64,W12x190
W310x253,1,4.03,11.3,2.48,32300.0,682.0,3830.0,146.0,4490.0,215.0,1350.0,81.6,2060.0,14800.0,5.37,253.0,252.9,356.0,319.0,39.6,24.4,147.0,233.0,61.0,33.0,277.0,1.94,1.62,W12x170
W310x226,1,4.45,12.5,2.22,28800.0,596.0,3420.0,144.0,3970.0,189.0,1190.0,81.0,1830.0,10800.0,4.62,226.0,226.7,348.0,317.0,35.6,22.1,147.0,233.0,57.0,31.0,277.0,1.92,1.6,W12x152
W310x202,1,4.95,13.8,1.99,25700.0,520.0,3050.0,142.0,3510.0,166.0,1050.0,80.2,1610.0,7730.0,3.96,202.0,202.6,341.0,315.0,31.8,20.1,147.0,234.0,54.0,30.0,277.0,1.9,1.59,W12x136
W310x179,1,5.57,15.4,1.75,22800.0,445.0,2670.0,140.0,3050.0,144.0,919.0,79.5,1400.0,5370.0,3.34,179.0,178.7,333.0,313.0,28.1,18.0,148.0,233.0,50.0,29.0,277.0,1.88,1.57,W12x120
W310x158,1,6.18,17.9,1.54,20100.0,386.0,2860.0,139.0,2670.0,125.0,805.0,78.9,1220.0,3770.0,2.84,158.0,157.4,327.0,310.0,25.1,15.5,147.0,233.0,47.0,28.0,277.0,1.86,1.55,W12x106
W310x143,1,6.75,19.8,1.4,18200.0,348.0,2150.0,138.0,2420.0,113.0,729.0,78.6,1110.0,2860.0,2.54,143.0,143.1,323.0,309.0,22.9,14.0,148.0,234.0,45.0,27.0,277.0,1.85,1.55,W12x96
W310x129,1,7.48,21.1,1.27,16500.0,308.0,1940.0,137.0,2160.0,100.0,652.0,78.0,991.0,2130.0,2.22,129.0,129.6,318.0,308.0,20.6,13.1,147.0,233.0,42.0,27.0,277.0,1.84,1.53,W12x87
W310x118,2,8.21,23.2,1.15,15000.0,275.0,1750.0,136.0,1950.0,90.2,588.0,77.6,893.0,1600.0,1.97,118.0,117.5,314.0,307.0,18.7,11.9,148.0,233.0,41.0,26.0,277.0,1.83,1.53,W12x79
W310x107,2,9,25.4,1.05,13600.0,248.0,1590.0,135.0,1760.0,81.2,531.0,77.2,806.0,1210.0,1.76,107.0,106.9,311.0,306.0,17.0,10.9,148.0,233.0,39.0,26.0,277.0,1.82,1.52,W12x72
W310x97,3,9.9,28.0,0.949,12300.0,222.0,1440.0,134.0,1590.0,72.9,478.0,76.9,725.0,909.0,1.56,97.0,96.8,308.0,305.0,15.4,9.9,148.0,234.0,37.0,25.0,277.0,1.82,1.51,W12x65
W310x86,1,7.79,30.5,0.847,11000.0,198.0,1280.0,134.0,1420.0,44.5,351.0,63.6,533.0,874.0,0.961,86.0,86.3,310.0,254.0,16.3,9.1,122.0,234.0,38.0,25.0,277.0,1.62,1.36,W12x58
W310x79,2,8.7,31.5,0.773,10100.0,177.0,1150.0,133.0,1280.0,39.9,314.0,63.0,478.0,655.0,0.847,79.0,78.9,306.0,254.0,14.6,8.8,123.0,234.0,36.0,24.0,277.0,1.61,1.36,W12x53
W310x74,1,6.29,29.5,0.726,9480.0,164.0,1060.0,132.0,1180.0,23.4,229.0,49.9,350.0,718.0,0.505,74.0,74.0,310.0,205.0,16.3,9.4,98.0,234.0,38.0,25.0,277.0,1.42,1.22,W12x50
W310x67,1,6.99,32.6,0.65,8520.0,144.0,942.0,131.0,1050.0,20.7,203.0,49.5,310.0,522.0,0.439,67.0,66.3,306.0,204.0,14.6,8.5,98.0,234.0,36.0,24.0,277.0,1.41,1.21,W12x45
W310x60,1,7.75,36.9,0.58,7610.0,128.0,842.0,130.0,933.0,18.3,180.0,49.3,275.0,378.0,0.384,60.0,59.1,303.0,203.0,13.1,7.5,98.0,234.0,35.0,24.0,277.0,1.4,1.2,W12x40
W310x52,1,6.33,38.2,0.513,6650.0,118.0,747.0,133.0,837.0,10.3,123.0,39.2,189.0,308.0,0.237,52.0,52.3,317.0,167.0,13.2,7.6,80.0,256.0,31.0,20.0,291.0,1.29,1.12,W12x35
W310x45,1,7.41,44.0,0.438,5670.0,99.2,634.0,132.0,708.0,8.55,103.0,38.8,158.0,191.0,0.195,45.0,44.6,313.0,166.0,11.2,6.6,80.0,256.0,29.0,19.0,291.0,1.28,1.11,W12x30
W310x39,2,8.51,50.1,0.38,4940.0,85.1,549.0,131.0,610.0,7.27,88.1,38.4,135.0,126.0,0.164,39.0,38.7,310.0,165.0,9.7,5.8,80.0,256.0,27.0,19.0,291.0,1.27,1.1,W12x26
W310x33,1,4.72,44.2,0.321,4180.0,65.0,415.0,125.0,480.0,1.92,37.6,21.4,59.6,122.0,0.0438,33.0,32.8,313.0,102.0,10.8,6.6,48.0,264.0,24.0,15.0,291.0,1.02,0.919,W12x22
W310x28,1,5.73,48.5,0.278,3590.0,54.3,351.0,123.0,407.0,1.58,31.0,20.9,49.2,75.7,0.0356,28.0,28.4,309.0,102.0,8.9,6.0,48.0,264.0,22.0,15.0,291.0,1.01,0.912,W12x19
W310x24,1,7.54,52.1,0.234,3040.0,42.7,280.0,119.0,328.0,1.16,22.9,19.5,36.7,42.5,0.0257,24.0,23.8,305.0,101.0,6.7,5.6,48.0,265.0,20.0,15.0,292.0,1.0,0.902,W12x16
W310x21,2,8.86,57.2,0.207,2680.0,37.0,244.0,117.0,287.0,0.983,19.5,19.1,31.2,29.4,0.0217,21.0,21.1,303.0,101.0,5.7,5.1,48.0,265.0,19.0,15.0,292.0,1.0,0.899,W12x14
W250x167,1,4.17,11.7,1.64,21200.0,300.0,2080.0,119.0,2430.0,98.8,746.0,68.1,1140.0,6310.0,1.63,167.0,167.4,289.0,265.0,31.8,19.2,123.0,184.0,52.0,29.0,225.0,1.6,1.33,W10x112
W250x149,1,4.63,13.0,1.46,19000.0,259.0,1840.0,117.0,2130.0,86.2,656.0,67.4,1000.0,4510.0,1.39,149.0,148.9,282.0,263.0,28.4,17.3,123.0,184.0,49.0,28.0,225.0,1.58,1.32,W10x100
W250x131,1,5.2,14.6,1.29,16700.0,221.0,1610.0,115.0,1850.0,74.5,571.0,66.8,870.0,3120.0,1.16,131.0,131.1,275.0,261.0,25.1,15.4,123.0,184.0,46.0,27.0,225.0,1.56,1.3,W10x88
W250x115,1,5.86,16.7,1.13,14600.0,189.0,1410.0,114.0,1600.0,64.1,495.0,66.2,753.0,2130.0,0.976,115.0,114.8,269.0,259.0,22.1,13.5,123.0,184.0,43.0,26.0,225.0,1.55,1.29,W10x77
W250x101,1,6.56,18.9,0.992,12900.0,164.0,1240.0,113.0,1400.0,55.5,432.0,65.6,656.0,1490.0,0.829,101.0,101.2,264.0,257.0,19.6,11.9,123.0,184.0,40.0,25.0,225.0,1.53,1.28,W10x68
W250x89,1,7.4,21.1,0.878,11400.0,143.0,1100.0,112.0,1230.0,48.4,378.0,65.1,574.0,1040.0,0.713,89.0,89.6,260.0,256.0,17.3,10.7,123.0,184.0,38.0,24.0,225.0,1.52,1.27,W10x60
W250x80,2,8.17,23.9,0.786,10200.0,126.0,982.0,111.0,1090.0,43.1,338.0,65.0,513.0,757.0,0.623,80.0,80.1,256.0,255.0,15.6,9.4,123.0,184.0,36.0,24.0,225.0,1.51,1.26,W10x54
W250x73,2,8.94,26.1,0.715,9290.0,113.0,891.0,110.0,985.0,38.8,306.0,64.6,463.0,575.0,0.553,73.0,72.9,253.0,254.0,14.2,8.6,123.0,184.0,35.0,23.0,225.0,1.5,1.25,W10x49
W250x67,1,6.5,25.3,0.658,8580.0,104.0,806.0,110.0,901.0,22.2,218.0,51.0,332.0,625.0,0.324,67.0,67.1,257.0,204.0,15.7,8.9,98.0,185.0,36.0,23.0,226.0,1.31,1.11,W10x45
W250x58,1,7.52,28.1,0.571,7420.0,87.3,693.0,108.0,770.0,18.8,186.0,50.4,283.0,409.0,0.268,58.0,58.2,252.0,203.0,13.5,8.0,98.0,184.0,34.0,23.0,225.0,1.3,1.1,W10x39
W250x49,3,9.18,30.4,0.481,6260.0,70.6,572.0,106.0,633.0,15.1,150.0,49.2,228.0,241.0,0.211,49.0,49.0,247.0,202.0,11.0,7.4,97.0,184.0,32.0,23.0,225.0,1.29,1.09,W10x33
W250x45,1,5.69,31.6,0.44,5700.0,71.1,534.0,111.0,602.0,7.03,95.1,35.1,146.0,261.0,0.113,45.0,44.9,266.0,148.0,13.0,7.6,70.0,209.0,29.0,18.0,240.0,1.11,0.961,W10x30
W250x39,1,6.56,36.3,0.379,4910.0,60.1,459.0,110.0,513.0,5.94,80.8,34.7,124.0,169.0,0.0934,39.0,38.7,262.0,147.0,11.2,6.6,70.0,209.0,27.0,17.0,240.0,1.1,0.952,W10x26
W250x33,2,8.02,39.3,0.321,4190.0,48.9,379.0,108.0,424.0,4.73,54.7,33.7,99.5,98.5,0.0732,33.0,32.7,258.0,146.0,9.1,6.1,70.0,211.0,24.0,16.0,240.0,1.09,0.942,W10x22
W250x28,1,5.1,37.5,0.279,3630.0,40.0,307.0,105.0,353.0,1.78,34.8,22.1,54.7,96.7,0.0277,28.0,28.5,260.0,102.0,10.0,6.4,48.0,213.0,24.0,15.0,240.0,0.915,0.813,W10x19
W250x25,1,6.07,39.4,0.249,3220.0,34.2,266.0,103.0,307.0,1.49,29.2,21.5,46.2,65.2,0.023,25.0,25.3,257.0,102.0,8.4,6.1,48.0,213.0,22.0,15.0,240.0,0.91,0.808,W10x17
W250x22,1,7.39,41.4,0.219,2850.0,28.9,227.0,101.0,263.0,1.23,24.0,20.7,38.1,43.4,0.0187,22.0,22.4,254.0,102.0,6.9,5.8,48.0,213.0,20.0,15.0,240.0,0.904,0.802,W10x15
W200x100,1,4.43,12.5,0.175,2280.0,22.4,179.0,99.3,207.0,0.913,18.1,20.0,28.6,22.4,0.0138,18.0,17.9,251.0,101.0,5.3,4.8,48.0,213.0,19.0,14.0,240.0,0.896,0.795,W10x12
W200x86,1,5.07,13.9,0.976,12700.0,113.0,989.0,94.5,1150.0,36.6,349.0,53.8,533.0,2090.0,0.386,100.0,99.5,229.0,210.0,23.7,14.5,98.0,148.0,40.0,22.0,182.0,1.27,1.06,W8x67
W200x71,1,5.92,17.8,0.85,11000.0,94.7,853.0,92.6,981.0,31.4,300.0,53.3,458.0,1390.0,0.318,86.0,86.7,222.0,209.0,20.6,13.0,98.0,147.0,37.0,22.0,181.0,1.25,1.04,W8x58
W200x59,1,7.22,20.0,0.701,9100.0,76.6,709.0,91.7,803.0,25.4,246.0,52.8,375.0,817.0,0.25,71.0,71.5,216.0,206.0,17.4,10.2,98.0,148.0,34.0,20.0,181.0,1.24,1.03,W8x48
W200x52,2,8.1,22.9,0.582,7550.0,61.1,582.0,89.9,653.0,20.4,199.0,52.0,303.0,463.0,0.196,59.0,59.3,210.0,205.0,14.2,9.1,98.0,148.0,31.0,20.0,182.0,1.22,1.02,W8x40
W200x46,3,9.23,25.1,0.512,6650.0,52.7,512.0,89.0,569.0,17.8,175.0,51.8,266.0,323.0,0.167,52.0,52.2,206.0,204.0,12.6,7.9,98.0,147.0,29.0,19.0,181.0,1.21,1.01,W8x35
W200x42,1,7.03,25.2,0.451,5890.0,45.4,448.0,88.1,495.0,15.3,151.0,51.2,229.0,220.0,0.141,46.0,46.0,203.0,203.0,11.0,7.2,98.0,148.0,28.0,19.0,181.0,1.2,1.0,W8x31
W200x36,2,8.09,29.1,0.409,5320.0,40.9,399.0,87.7,445.0,9.0,108.0,41.2,165.0,222.0,0.084,42.0,41.7,205.0,166.0,11.8,7.2,79.0,152.0,26.0,17.0,181.0,1.06,0.894,W8x28
W200x31,1,6.57,29.6,0.352,4570.0,34.4,342.0,86.7,379.0,7.64,92.6,40.9,141.0,145.0,0.0696,36.0,35.9,201.0,165.0,10.2,6.2,79.0,152.0,25.0,16.0,181.0,1.05,0.885,W8x24
W200x27,2,7.92,32.8,0.308,3970.0,31.4,299.0,88.6,335.0,4.1,61.1,32.0,93.8,119.0,0.0409,31.0,31.4,210.0,134.0,10.2,6.4,64.0,166.0,22.0,14.0,190.0,0.943,0.809,W8x21
W200x22,1,6.38,30.6,0.261,3390.0,25.8,249.0,87.3,279.0,3.3,49.6,31.2,76.1,71.3,0.0325,27.0,26.6,207.0,133.0,8.4,5.8,64.0,167.0,20.0,13.0,190.0,0.934,0.801,W8x18
W200x19,2,7.85,32.8,0.22,2860.0,20.0,194.0,83.6,222.0,1.42,27.8,22.3,43.7,56.6,0.0139,22.0,22.4,206.0,102.0,8.0,6.2,48.0,166.0,20.0,13.0,190.0,0.808,0.706,W8x15
W200x15,3,9.62,44.1,0.191,2480.0,16.6,163.0,81.7,187.0,1.15,22.6,21.6,35.6,36.2,0.0111,19.0,19.4,203.0,102.0,6.5,5.8,48.0,165.0,19.0,14.0,190.0,0.802,0.7,W8x13
W150x37,1,6.64,17.1,0.147,1910.0,12.7,127.0,81.8,145.0,0.869,17.4,21.4,27.1,17.6,0.00824,15.0,15.0,200.0,100.0,5.2,4.3,48.0,165.0,18.0,13.0,190.0,0.791,0.691,W8x10
W150x30,2,8.23,21.0,0.364,4740.0,22.2,274.0,68.5,310.0,7.07,91.8,38.7,140.0,192.0,0.04,37.0,37.1,162.0,154.0,11.6,8.1,73.0,114.0,24.0,15.0,139.0,0.924,0.77,W6x25
W150x22,4,11.5,23.9,0.292,3790.0,17.1,218.0,67.3,244.0,5.56,72.6,38.3,111.0,100.0,0.0303,30.0,29.8,157.0,153.0,9.3,6.6,73.0,113.0,22.0,14.0,138.0,0.913,0.76,W6x20
W150x24,1,4.95,21.1,0.219,2860.0,12.0,159.0,65.1,176.0,3.87,50.9,36.9,77.5,41.5,0.0204,22.0,22.3,152.0,152.0,6.6,5.8,73.0,114.0,19.0,14.0,139.0,0.9,0.748,W6x15
W150x18,1,7.18,23.9,0.235,3060.0,13.4,168.0,66.3,191.0,1.83,35.8,24.5,55.2,92.3,0.0102,24.0,24.0,160.0,102.0,10.3,6.6,48.0,116.0,22.0,14.0,139.0,0.715,0.613,W6x16
W150x14,2,9.09,32.3,0.176,2290.0,9.15,120.0,63.3,136.0,1.26,24.7,23.5,38.2,36.9,0.0067,18.0,17.9,153.0,102.0,7.1,5.8,48.0,115.0,19.0,13.0,139.0,0.702,0.6,W6x12
W150x13,3,10.2,32.1,0.133,1730.0,6.85,91.3,63.0,102.0,0.918,18.4,23.0,28.3,16.8,0.00479,14.0,13.6,150.0,100.0,5.5,4.3,48.0,115.0,17.0,12.0,139.0,0.691,0.591,W6x9
W130x28,1,5.87,15.8,0.124,1630.0,6.13,82.8,61.7,93.0,0.818,16.4,22.5,25.3,13.6,0.00419,13.0,12.6,148.0,100.0,4.9,4.3,48.0,115.0,17.0,12.0,138.0,0.687,0.587,W6x8.5
W130x24,1,6.98,17.8,0.275,3590.0,10.9,167.0,55.3,190.0,3.81,59.6,32.7,90.7,127.0,0.0138,28.0,28.1,131.0,128.0,10.9,6.9,61.0,86.0,23.0,14.0,109.0,0.76,0.632,W5x19
W100x19,1,5.85,12.5,0.231,3040.0,8.79,138.0,54.1,156.0,3.11,49.0,32.2,74.5,76.2,0.0108,24.0,23.6,127.0,127.0,9.1,6.1,60.0,85.0,21.0,13.0,109.0,0.75,0.623,W5x16
,,,,0.19,2470.0,4.76,89.8,43.9,103.0,1.61,31.2,25.5,47.9,62.9,0.00379,19.0,19.4,106.0,103.0,8.8,7.1,48.0,65.0,21.0,21.0,88.0,0.61,0.507,W4x13
