Designation,Class,ba/t,h/w,Dead Load (kN/m),Area (mmý),Ix (10^6 mm?),Sx (10^3 mm?),rx (mm),Zx (10^3 mm?),Iy (10^6 mm?),Sy (10^3 mm?),ry (mm),Zy (10^3 mm?),J (10^3 mm?),Cw (10^9 mm?),Nominal Mass (kg/m),Theoretical Mass (kg/m),Depth d (mm),Flange Width b (mm),Flange Thickness t (mm),Web Thickness w (mm),Distance a (mm),Distance T (mm),Distance k (mm),Distance k? (mm),d-2t (mm),Surface Area Total (mý/m),Surface Area Minus Top Flange (mý/m),Imperial Designation
W1100x499,1,4.5,39.5,4.89,63500,12900,23100,451,26600,500,2470,88.7,3870,31100,144,499,498.6,1118,405,45,26,190,965,77,43,1028,3.8,3.4,W44x335
W1100x433,1,5.03,46.7,4.24,55100,11300,20300,452,23200,434,2160,88.7,3360,21200,124,433,432.7,1108,402,40,22,190,965,72,41,1028,3.78,3.38,W44x290
W1100x390,1,5.56,51.4,3.83,49700,10100,18300,450,20800,385,1920,88,2990,15600,109,390,390.2,1100,400,36,20,190,965,68,40,1028,3.76,3.36,W44x262
W1100x343,1,6.45,57.1,3.36,43600,8670,15900,446,18100,331,1660,87.1,2570,10300,92.9,343,342.6,1090,400,31,18,191,965,63,39,1028,3.74,3.34,W44x230
W1000x976,1,2.38,18.6,9.56,124300,23500,42400,435,50300,1190,5540,97.7,8840,244000,307,976,974.5,1108,428,89.9,50,189,865,121,55,928,3.83,3.4,W40x655
W1000x883,1,2.59,20.4,8.66,112500,21000,38400,432,45300,1050,4950,96.6,7870,185000,268,883,883.4,1092,424,82,45.5,189,865,114,53,928,3.79,3.37,W40x593
W1000x748,1,2.98,23.8,7.34,95300,17300,32400,426,37900,851,4080,94.5,6460,116000,212,748,748.5,1068,417,70,39,189,865,102,50,928,3.73,3.31,W40x503
W1000x642,1,3.43,27.3,6.29,81800,14500,27700,421,32100,703,3410,92.7,5380,73800,172,642,641.9,1048,412,60,34,189,865,92,47,928,3.68,3.26,W40x431
W1000x591,1,3.66,29.9,5.79,75300,13300,25600,421,29500,640,3130,92.2,4920,59000,155,591,590.9,1040,409,55,31,189,865,87,46,928,3.65,3.25,W40x397
W1000x554,1,3.92,31.5,5.43,70600,12300,23900,418,27500,591,2900,91.5,4550,48300,142,554,554.1,1032,408,52,29.5,189,865,84,45,928,3.64,3.23,W40x372
W1000x539,1,3.98,32.7,5.29,68700,12000,23400,418,26800,576,2830,91.6,4440,45300,138,539,539.4,1030,407,51.1,28.4,189,865,83,44,928,3.61,3.22,W40x362
W1000x483,1,4.39,36.5,4.74,61500,10700,20900,417,23900,507,2510,90.8,3920,33100,120,483,482.9,1020,404,46,25.4,189,865,78,43,928,3.61,3.2,W40x324
W1000x443,1,4.8,39.3,4.34,56400,9670,19100,414,21800,455,2260,89.8,3530,25400,107,443,442.5,1012,402,41.9,23.6,189,865,73,42,928,3.58,3.18,W40x297
W1000x412,1,5.03,44,4.04,52500,9100,18100,416,20500,434,2160,90.9,3350,21400,102,412,412.2,1008,402,40,21.1,190,865,72,41,928,3.58,3.18,W40x277
W1000x371,1,5.54,48.8,3.64,47300,8140,16300,415,18400,386,1930,90.3,2980,15900,89.6,371,371.2,1000,400,36.1,19,191,865,68,40,928,3.56,3.16,W40x249
W1000x321,1,6.45,56.2,3.15,40800,6960,14100,413,15800,331,1660,90,2550,10300,76.1,321,320.9,990,400,31,16.5,192,865,63,38,928,3.55,3.15,W40x215
W1000x296,1,7.38,56.2,2.91,37700,6200,12600,405,14300,290,1450,87.6,2240,7840,66,296,296.4,982,400,27.1,16.5,192,865,59,38,928,3.53,3.13,W40x199
W1000x584,1,2.45,25.8,5.73,74400,12500,23600,409,28000,334,2130,67,3470,71500,82.2,584,583.8,1056,314,64,36,139,865,96,48,928,3.3,2.98,W40x392
W1000x494,1,2.86,29.9,4.84,62900,10300,19900,404,23400,268,1740,65.3,2820,44000,64.7,494,493.9,1036,309,54,31,139,865,86,46,928,3.25,2.94,W40x331
W1000x486,1,2.85,30.9,4.77,61900,10200,19700,406,23200,266,1730,65.5,2790,42900,64.1,486,486.2,1036,308,54.1,30,139,865,86,45,928,3.24,2.94,W40x327
W1000x438,1,3.11,34.5,4.28,55600,9090,17700,404,20700,234,1530,64.8,2460,31800,55.7,438,436.7,1026,305,49,26.9,139,865,81,43,928,3.22,2.91,W40x294
W1000x415,1,3.3,35.7,4.07,52800,8530,16700,402,19600,217,1430,64.1,2300,27000,51.5,415,415,1020,304,46,26,139,865,78,43,928,3.2,2.9,W40x278
W1000x393,1,3.45,38,3.85,50100,8080,15900,402,18500,205,1350,64,2170,23300,48.4,393,392.7,1016,303,43.9,24.4,139,865,75,42,928,3.2,2.89,W40x264
W1000x350,1,3.78,44,3.43,44600,7230,14300,403,16600,185,1220,64.4,1940,17200,43.2,350,349.4,1008,302,40,21.1,140,865,72,41,928,3.18,2.88,W40x235
W1000x314,1,4.18,48.6,3.08,40000,6440,12900,401,14900,162,1080,63.7,1710,12600,37.7,314,314.3,1000,300,35.9,19.1,140,865,67,40,928,3.16,2.86,W40x211
W1000x272,1,4.84,56.2,2.67,34600,5540,11200,400,12800,140,933,63.5,1470,8350,32.2,272,272.3,990,300,31,16.5,142,865,63,38,928,3.15,2.85,W40x183
W1000x249,1,5.77,56.2,2.44,31700,4810,9820,390,11300,118,783,60.9,1240,5820,26.7,249,248.7,980,300,26,16.5,142,865,58,38,928,3.13,2.83,W40x167
W1000x222,1,7.11,58,2.18,28200,4080,8410,380,9800,95.4,636,58.1,1020,3900,21.5,222,222,970,300,21.1,16,142,865,53,38,928,3.11,2.81,W40x149
W920x1377,1,2.05,11.2,13.5,175400,30300,55500,416,67600,2060,8720,108,14200,596000,493,1377,1376.7,1093,473,115.1,76.7,198,800,147,68,863,3.92,3.45,W36x925
W920x1269,1,2,13.5,12.4,161700,29000,53000,423,63900,1900,8240,108,13100,514000,454,1269,1269,1093,461,115.1,64,199,800,147,62,863,3.9,3.44,W36x853
W920x1194,1,2.1,14.3,11.7,152200,26900,49800,421,59800,1750,7660,107,12200,435000,413,1194,1194.4,1081,457,109,60.5,198,800,141,60,863,3.87,3.41,W36x802
W920x1077,1,2.28,15.7,10.6,137200,23800,44800,416,53400,1530,6770,106,10700,326000,353,1077,1076.6,1061,451,99.1,55,198,800,131,58,863,3.82,3.37,W36x723
W920x970,1,2.48,17.3,9.52,123700,21000,40300,412,47700,1340,6000,104,9490,243000,304,970,970.7,1043,446,89.9,50,198,800,121,55,863,3.77,3.32,W36x652
W920x787,1,2.96,21.1,7.71,100400,16500,32600,405,38000,1030,4730,102,7420,134000,227,787,786.6,1011,437,73.9,40.9,198,800,105,50,863,3.69,3.25,W36x529
W920x725,1,3.19,22.6,7.1,92400,14900,29900,402,34700,932,4290,100,6730,106000,202,725,724.5,999,434,68.1,38.1,198,800,100,49,863,3.66,3.22,W36x487
W920x656,1,3.48,25,6.43,83700,13400,27100,400,31300,830,3850,99.7,6020,79500,178,656,655.7,987,431,62,34.5,198,800,94,47,863,3.63,3.2,W36x441
W920x588,1,3.82,27.8,5.76,75000,11800,24200,397,27800,728,3410,98.6,5310,58100,154,588,587.2,975,427,55.9,31,198,800,87,46,863,3.6,3.17,W36x395
W920x537,1,4.16,30.4,5.25,68500,10700,22100,395,25300,656,3080,98,4790,44500,137,537,535.8,965,425,51.1,28.4,198,800,83,44,863,3.57,3.15,W36x361
W920x491,1,4.49,33.3,4.8,62600,9660,20200,394,23000,590,2800,97.3,4340,34400,122,491,489.3,957,422,47,25.9,198,800,79,43,863,3.55,3.13,W36x330
W920x449,1,4.95,35.9,4.4,57600,8750,18500,391,20900,540,2550,97.2,3950,26300,111,449,448.5,948,423,42.7,24,200,800,74,42,863,3.54,3.12,W36x302
W920x420,1,5.29,38.4,4.11,53500,8130,17300,390,19500,501,2370,96.8,3670,21500,102,420,419.2,943,422,39.9,22.5,200,800,71,41,863,3.53,3.11,W36x282
W920x380,1,5.74,40.5,3.81,49700,7420,15800,387,17900,453,2160,95.7,3330,16900,91.5,390,388,936,420,36.6,21.3,199,800,68,41,863,3.51,3.09,W36x262
W920x368,1,6.11,42.5,3.58,46800,6920,14900,386,16800,421,2010,95.1,3100,14100,84.7,368,365.5,931,419,34.3,20.3,199,799,66,40,862,3.5,3.08,W36x247
W920x344,1,6.53,44.7,3.37,43900,6450,13900,384,15700,390,1870,94.5,2880,11600,78.1,344,343.2,927,418,32,19.3,199,800,64,40,863,3.49,3.07,W36x231
W920x381,1,3.53,35.4,3.74,48600,6960,14600,379,17000,219,1410,67.2,2240,21800,45.1,381,381.1,951,310,43.9,24.4,143,800,75,42,863,3.09,2.78,W36x256
W920x345,1,3.86,39.1,3.38,44000,6250,13300,377,15300,195,1270,66.7,2000,16400,39.8,345,344.8,943,308,39.9,22.1,143,800,71,41,863,3.07,2.77,W36x232
W920x313,1,4.48,40.9,3.06,39900,5480,11800,371,13600,170,1100,65.4,1750,11500,34.3,313,312.4,932,309,34.5,21.1,144,800,66,41,863,3.06,2.75,W36x210
W920x289,1,4.81,44.5,2.83,36800,5040,10900,370,12500,156,1020,65.3,1600,9160,31.3,289,288.3,927,308,32,19.4,144,800,64,40,863,3.05,2.74,W36x194
W920x271,1,5.12,46.9,2.66,34600,4710,10200,369,11800,145,946,64.8,1490,7630,28.9,271,271.4,923,307,30,18.4,144,800,62,39,863,3.04,2.73,W36x182
W920x253,1,5.48,49.9,2.48,32300,4370,9510,368,10900,134,874,64.3,1370,6210,26.5,253,253.4,919,306,27.9,17.3,144,800,59,39,863,3.03,2.72,W36x170
W920x238,1,5.89,52.3,2.33,30300,4060,8870,366,10200,123,806,63.7,1270,5100,24.3,238,238,915,305,25.9,16.5,144,800,57,38,863,3.02,2.71,W36x160
W920x223,1,6.36,54.3,2.2,28500,3760,8260,363,9520,112,738,62.7,1160,4180,22.1,223,223.9,911,304,23.9,15.9,144,800,55,38,863,3.01,2.7,W36x150
W920x201,1,7.56,56.8,1.97,25600,3250,7190,356,8340,94.4,621,60.7,982,2880,18.4,201,201,903,304,20.1,15.2,144,800,52,38,863,2.99,2.69,W36x135
W840x576,1,3.55,24.9,5.65,73500,10100,22200,371,25600,672,3270,95.7,5100,61700,123,576,576.6,913,411,57.9,32,190,734,89,46,797,3.41,3,W33x387
W840x527,1,3.85,27,5.18,67200,9150,20300,369,23300,607,2970,95,4620,47800,110,527,528.2,903,409,53.1,29.5,190,734,85,45,797,3.38,2.97,W33x354
W840x473,1,4.23,30.2,4.55,50300,8130,18200,367,20800,537,2640,94.3,4100,35100,95.8,473,473.8,893,406,48,26.4,190,734,80,43,797,3.36,2.95,W33x318
W840x433,1,4.6,32.7,4.25,55200,7360,16600,365,18900,484,2390,93.5,3710,27000,85.5,433,433.8,885,404,43.9,24.4,190,734,75,42,797,3.34,2.93,W33x291
W840x392,1,5.03,36.1,3.55,49900,6600,15000,363,17000,430,2140,92.7,3310,20300,75.3,392,392.2,877,401,39.9,22.1,189,734,71,41,797,3.31,2.91,W33x263
W840x359,1,5.66,37.8,3.53,45700,5920,13600,359,15400,389,1930,92.1,2980,15100,67.4,359,359.9,868,403,35.6,21.1,191,734,67,41,797,3.31,2.9,W33x241
W840x329,1,6.19,40.5,3.24,41900,5360,12400,357,14000,349,1740,91.1,2690,11600,60,329,330,862,401,32.4,19.7,191,734,64,40,797,3.29,2.89,W33x221
W840x299,1,6.85,43.8,2.94,38100,4800,11200,355,12700,312,1560,90.4,2410,8660,53.2,299,299.9,855,400,29.2,18.2,191,734,61,39,797,3.27,2.87,W33x201
W840x251,1,4.71,46.9,2.46,31900,3860,9000,348,10300,129,884,63.6,1380,7350,22.1,251,250.6,859,292,31,17,138,734,63,39,797,2.85,2.56,W33x169
W840x226,1,5.49,49.5,2.22,28800,3400,7990,343,9160,114,774,62.8,1210,5140,19.3,226,226.6,851,294,26.8,16.1,139,734,58,38,797,2.85,2.55,W33x152
W840x210,1,6,51.8,2.07,26800,3110,7340,340,8430,103,700,61.8,1100,4050,17.3,210,210.8,846,293,24.4,15.4,139,734,56,38,797,2.83,2.54,W33x141
W840x193,1,6.73,54.2,1.9,24700,2780,6630,336,7620,90.3,618,60.5,971,3050,15.1,193,193.5,840,292,21.7,14.7,139,734,53,37,797,2.82,2.53,W33x130
W840x176,1,7.77,57,1.73,22400,2460,5900,331,6810,78.2,536,59.1,844,2220,13,176,176,835,292,18.8,14,139,734,50,37,797,2.81,2.52,W33x118
W760x582,1,3.19,20.8,5.72,74200,8620,20400,341,23800,644,3250,93.2,5080,72200,98.3,582,551.1,711,347,69.1,38.6,154,510,101,49,573,2.73,2.39,W24x370
W760x531,1,3.45,22.8,5.21,67600,7770,18600,339,21600,578,2940,92.4,4580,55600,87,498,498.2,699,343,63,35.1,154,510,95,48,573,2.7,2.36,W24x335
W760x484,1,3.74,24.8,4.76,61700,6990,17000,336,19500,517,2650,91.4,4120,42800,76.8,455,454.1,689,340,57.9,32,154,510,89,46,573,2.67,2.33,W24x306
W760x389,1,4.12,27.8,4.26,55300,6190,15200,334,17400,455,2350,90.7,3650,31300,66.8,415,415.5,679,338,53.1,29.5,154,510,85,45,573,2.65,2.31,W24x279
W760x350,1,4.59,30.5,3.82,49500,5450,13600,332,15500,399,2070,89.8,3210,22500,57.8,372,372.3,669,335,48,26.4,154,510,80,43,573,2.63,2.29,W24x250
W760x314,1,5.01,34.1,3.43,44500,4870,12200,330,13900,355,1860,89.1,2870,16800,50.8,341,340.4,661,333,43.9,24.4,154,510,75,42,573,2.61,2.27,W24x229
W760x284,1,5.75,36.5,3.09,40000,4290,10900,327,12300,316,1640,88.7,2540,11800,44.7,307,307.3,653,330,39.9,22.1,154,510,71,41,573,2.58,2.25,W24x207
W760x257,1,6.35,39.9,2.79,36200,3830,9820,325,11100,280,1470,87.9,2260,8750,39.3,285,285.3,647,329,37.1,20.6,154,510,69,40,573,2.57,2.24,W24x192
W760x257,1,7.03,43.3,2.53,32800,3430,8880,323,9970,250,1310,87.2,2020,6510,34.8,262,261.1,641,327,34,19,154,510,66,40,573,2.55,2.23,W24x176
W760x220,1,4.43,43.6,2.16,28100,2780,7140,315,8190,94.4,710,58,1110,6050,13.2,241,241.7,635,329,31,17.9,156,510,63,39,573,2.55,2.22,W24x162
W760x195,1,5.28,46.1,1.93,25100,2400,6240,309,7170,81.7,610,57.1,959,4040,11.3,217,217.9,628,328,27.7,16.5,156,510,59,38,573,2.54,2.21,W24x146
W760x185,1,5.66,48.2,1.81,23500,2230,5820,308,6690,75.1,563,56.5,884,3330,10.3,195,195.6,622,327,24.4,15.4,156,510,56,38,573,2.52,2.19,W24x131
W760x173,1,6.18,49.9,1.7,22100,2060,5400,305,6210,68.7,515,55.7,810,2890,9.42,174,174.3,616,325,21.6,14,156,510,53,37,573,2.5,2.18,W24x117
W760x161,1,6.89,52.1,1.57,20500,1860,4900,302,5660,60.7,457,54.5,720,2070,8.28,155,154.9,611,324,19,12.7,156,510,51,36,573,2.49,2.17,W24x104
W760x147,1,7.79,54.5,1.44,18800,1660,4410,298,5100,52.9,399,53.1,631,1560,7.16,153,153.6,623,229,24.9,14,108,510,56,37,573,2.13,1.91,W24x103
W760x134,2,8.52,60.4,1.31,17000,1500,4010,297,4630,47.7,361,53,568,1180,6.43,140,140.1,617,230,22.2,13.1,108,510,54,37,573,2.13,1.9,W24x94
W690x802,1,2.15,12.9,7.86,102200,10600,25700,322,30900,875,4520,92.6,7140,203000,119,125,125.1,612,229,19.6,11.9,109,510,51,36,573,2.12,1.89,W24x84
W690x548,1,2.95,18.4,5.38,69800,6730,17400,310,20400,543,2920,88.1,4570,70700,68.2,113,113.4,608,228,17.3,11.2,108,510,49,36,573,2.11,1.88,W24x76
W690x500,1,3.19,20.2,4.91,63700,6060,15900,308,18500,487,2640,87.4,4110,54600,60.3,101,101.7,603,228,14.9,10.5,109,510,46,35,573,2.1,1.87,W24x68
W690x457,1,3.46,21.9,4.49,58200,5470,14500,306,16800,439,2390,86.7,3720,42300,53.6,92,92.3,603,179,15,10.9,84,528,38,26,573,1.9,1.72,W24x62
W690x419,1,3.71,24,4.11,53300,4950,13300,305,15300,395,2170,86,3370,33000,47.7,82,81.9,599,178,12.8,10,84,528,35,26,573,1.89,1.71,W24x55
W690x384,1,4.02,25.9,3.77,48900,4490,12200,303,14000,357,1970,85.3,3050,25700,42.6,409,408.6,613,327,55.6,31,148,439,87,46,502,2.47,2.15,W21x275
W690x350,1,4.4,28,3.44,44600,4030,11100,300,12600,319,1770,84.4,2740,19500,37.6,369,367.9,603,324,50.5,27.9,148,439,82,44,502,2.45,2.12,W21x248
W690x323,1,4.71,30.6,3.18,41100,3710,10300,300,11700,294,1640,84.4,2530,15700,34.4,332,331.2,593,322,45.5,25.4,148,439,77,43,502,2.42,2.1,W21x223
W690x289,1,5.24,34,2.83,36800,3260,9140,298,10300,256,1440,83.4,2220,11200,29.6,300,299.5,585,319,41.4,23.1,148,439,73,42,502,2.4,2.08,W21x201
W690x255,1,5.93,35.1,2.61,33700,2920,8270,294,9330,231,1290,82.7,1980,8340,26.4,272,271.3,577,317,37.6,21.1,148,439,89,41,502,2.38,2.06,W21x182
W690x240,1,6.5,38.5,2.36,30600,2630,7490,292,8430,206,1160,82,1790,6270,23.4,248,246.6,571,315,34.5,19,148,439,66,40,502,2.36,2.05,W21x166
W690x217,1,7.16,41.9,2.15,27700,2360,6790,291,7610,185,1040,81.5,1610,4720,20.8,219,218.9,560,318,29.2,16.3,150,439,61,39,502,2.36,2.04,W21x147
W690x192,1,4.55,41.7,1.88,24400,1980,5640,285,6460,76.4,602,56,941,4610,8.68,196,196.5,554,316,26.3,16.5,150,438,58,38,501,2.34,2.02,W21x132
W690x170,1,5.42,44.5,1.67,21600,1700,4900,280,5620,66.2,517,55.3,809,3040,7.41,182,181.7,551,315,24.4,15.2,150,439,56,38,502,2.33,2.02,W21x111
W690x152,1,6.02,49.3,1.49,19400,1510,4380,279,5000,57.8,455,54.6,710,2200,6.42,165,165.3,546,313,22.2,14,150,439,54,37,502,2.32,2,W21x101
W690x140,1,6.72,52.1,1.37,17900,1360,3980,276,4550,51.7,407,53.9,636,1670,5.72,150,150.6,543,312,20.3,12.7,150,439,52,36,502,2.31,2,W21x101
W690x125,1,7.76,55.2,1.23,16000,1180,3500,272,4010,44.1,349,52.5,546,1170,4.83,138,138.3,549,214,23.6,14.7,100,461,44,26,502,1.92,1.71,W21x93
W610x551,1,2.51,14.8,5.4,70200,5570,15700,282,18600,484,2790,83,4380,83800,49.9,123,123.2,544,212,21.2,13.1,99,461,42,26,502,1.91,1.7,W21x83
W610x498,1,2.72,16.3,4.89,63500,4950,14200,279,16700,426,2480,81.9,3890,63200,43.1,109,109,539,211,18.8,11.6,100,460,39,25,501,1.9,1.69,W21x73
W610x455,1,2.94,17.9,4.45,57900,4440,12900,277,15100,381,2240,81.1,3500,48800,37.9,101,101.4,537,210,17.4,10.9,100,461,38,24,502,1.89,1.68,W21x68
W610x415,1,3.18,19.4,4.07,52900,4000,11800,275,13700,343,2030,80.5,3160,37700,33.6,92,92.5,533,209,15.6,10.2,99,461,36,24,502,1.88,1.67,W21x62
W610x372,1,3.49,21.7,3.65,47400,3530,10600,273,12200,302,1800,79.8,2800,27700,29.1,82,82.1,528,209,13.3,9.5,100,460,34,24,501,1.87,1.66,W21x55
W610x341,1,3.79,23.5,3.34,43400,3180,9630,271,11100,271,1630,79,2520,21300,25.8,72,72,524,207,10.9,9,99,461,31,24,502,1.86,1.65,W21x48
W610x307,1,4.14,25.9,3.01,39100,2840,8690,269,9930,240,1450,78.2,2240,15900,22.5,85,84.7,535,166,16.5,10.3,78,461,37,24,502,1.71,1.55,W21x57
W610x285,1,4.43,27.8,2.8,36100,2610,8060,268,9170,221,1340,77.9,2070,12800,20.5,74,74.7,529,166,13.6,9.7,78,461,34,24,502,1.7,1.54,W21x50
W610x262,1,4.81,30.2,2.56,33300,2360,7360,266,8350,198,1210,77.2,1870,9900,18.3,66,65.7,525,165,11.4,8.9,78,461,32,23,502,1.69,1.53,W21x44
W610x241,1,5.31,32,2.37,30800,2150,6780,264,7670,184,1120,77.4,1730,7700,16.8,464,464,567,305,69.6,38.6,133,385,91,39,428,2.28,1.97,W18x311
W610x217,1,5.92,34.7,2.14,27700,1910,6070,262,6850,163,995,76.7,1530,5600,14.7,421,421.8,555,302,63.5,35.6,133,385,85,38,428,2.25,1.94,W18x283
W610x195,1,6.7,37.2,1.92,24800,1680,5400,260,6070,142,871,75.6,1340,3970,12.7,384,384.1,545,299,58.4,32.5,133,385,80,36,428,2.22,1.92,W18x258
W610x174,1,7.52,40.9,1.71,22200,1470,4780,257,5360,124,761,74.7,1170,2800,10.9,349,348.9,535,296,53.6,29.5,133,385,75,35,428,2.2,1.9,W18x234
W610x155,2,8.53,45.1,1.52,19700,1290,4220,256,4730,108,666,73.9,1020,1950,9.45,315,314.2,525,293,48.5,26.9,133,385,70,33,428,2.17,1.88,W18x211
W610x153,1,4.6,40.9,1.51,19600,1250,4020,253,4600,50,437,50.5,682,2950,4.47,286,285.6,517,291,44.4,24.4,133,385,66,32,428,2.15,1.86,W18x192
W610x140,1,5.18,43.7,1.37,17900,1120,3630,250,4150,45.1,392,50.3,613,2180,3.99,260,259.9,509,289,40.4,22.6,133,385,62,32,428,2.13,1.84,W18x175
W610x125,1,5.84,48.1,1.23,15900,985,3220,249,3670,39.3,343,49.7,535,1540,3.45,235,234.8,501,287,36.6,20.6,133,384,58,31,428,2.11,1.82,W18x158
W610x113,1,6.59,51.2,1.11,14500,875,2880,246,3290,34.3,300,48.7,469,1120,2.99,213,212.7,495,285,33.5,18.5,133,384,55,30,428,2.09,1.81,W18x143
W610x101,1,7.65,54.6,0.997,13000,764,2530,243,2900,29.5,259,47.7,404,781,2.55,193,193.3,489,283,30.5,17,133,384,52,29,428,2.08,1.79,W18x130
W610x82,1,5.97,52.6,0.905,11700,646,2140,234,2510,14.4,161,35,258,710,1.25,177,177.3,482,286,26.9,16.6,135,385,49,29,428,2.07,1.79,W18x119
W610x82,1,6.95,57.3,0.803,10500,560,1870,232,2200,12.1,136,34,218,488,1.04,158,157.7,476,284,23.9,15,135,385,46,28,428,2.06,1.77,W18x106
W530x409,1,2.94,16.2,4.01,52200,3170,10300,247,12100,325,1990,79.1,3100,41300,25.3,144,144.5,472,283,22.1,13.6,135,384,44,27,428,2.05,1.77,W18x97
W530x369,1,3.21,18,3.61,47000,2810,9310,245,10800,287,1770,78.3,2750,30800,21.9,128,128.4,467,282,19.6,12.2,135,384,41,26,428,2.04,1.76,W18x86
W530x332,1,3.54,19.8,3.25,42300,2480,8350,242,9660,254,1580,77.6,2440,22600,19,113,113,463,280,17.3,10.8,135,385,39,26,428,2.02,1.74,W18x76
W530x300,1,3.65,21.7,2.94,38200,2210,7550,241,8670,225,1410,76.7,2180,17000,16.6,106,105.7,469,194,20.6,12.6,91,391,39,23,428,1.69,1.49,W18x71
W530x272,1,4.22,23.8,2.66,34600,1970,6820,239,7780,200,1260,76.1,1950,12800,14.6,97,96.5,466,193,19,11.4,91,391,38,23,428,1.68,1.49,W18x65
W530x248,1,4.57,26.4,2.42,31500,1770,6220,238,7060,180,1140,75.7,1760,9770,13,89,89.3,463,192,17.7,10.5,91,391,36,22,428,1.67,1.48,W18x60
W530x219,1,5.45,27.4,2.15,27900,1510,5390,233,6110,157,986,75,1520,6420,11,82,81.9,460,191,16,9.9,91,391,35,22,428,1.66,1.47,W18x55
W530x196,1,6.01,30.4,1.93,25000,1340,4840,231,5460,139,877,74.4,1350,4700,9.64,74,74.2,457,190,14.5,9,91,391,33,22,428,1.66,1.47,W18x50
W530x182,1,6.45,33,1.78,23200,1240,4480,231,5040,127,808,74.2,1240,3740,8.82,68,68.5,459,154,15.4,9.1,72,391,34,22,428,1.52,1.36,W18x46
W530x165,1,7.05,35.8,1.62,21100,1110,4060,230,4550,114,726,73.4,1110,2830,7.79,60,59.5,455,153,13.3,8,73,391,32,21,428,1.51,1.35,W18x40
W530x150,1,7.68,39.6,1.48,19200,1010,3710,229,4150,103,659,73.2,1010,2160,7.03,52,52,450,152,10.8,7.6,72,391,29,21,428,1.49,1.34,W18x35
W530x138,1,4.53,34.1,1.36,17600,861,3140,221,3610,38.7,362,46.9,569,2500,2.67,149,149.3,431,265,25,14.9,125,337,47,28,381,1.89,1.63,W16x100
W530x123,1,5,38.3,1.21,15700,761,2800,220,3210,33.8,319,46.4,499,1800,2.31,132,132.1,425,263,22.2,13.3,125,337,44,27,381,1.88,1.61,W16x89
W530x109,1,5.61,43.2,1.07,13900,667,2480,219,2830,29.5,280,46.1,437,1260,2,114,114.5,420,261,19.3,11.6,125,338,41,26,381,1.86,1.6,W16x77
W530x101,1,6.03,46.1,0.995,12900,617,2300,219,2620,26.9,256,45.6,400,1020,1.82,100,99.6,415,260,16.9,10,125,338,39,25,381,1.85,1.59,W16x67
W530x92,1,6.7,49.2,0.907,11800,552,2070,217,2360,23.8,228,44.9,355,762,1.59,85,85,417,181,18.2,10.9,85,340,39,24,381,1.54,1.36,W16x57
W530x82,2,7.86,52.8,0.805,10500,477,1810,213,2060,20.3,194,44,303,518,1.34,74,74.9,413,180,16,9.7,85,340,37,24,381,1.53,1.35,W16x50
W530x72,3,9.5,55.8,0.706,9180,401,1530,209,1760,16.2,156,42,245,338,1.06,67,67.5,410,179,14.4,8.8,85,340,35,23,381,1.52,1.34,W16x45
W530x85,1,5.03,48.7,0.83,10800,485,1810,212,2100,12.6,152,34.2,242,737,0.849,60,59.5,407,178,12.8,7.7,85,340,33,23,381,1.51,1.33,W16x40
W530x74,1,6.1,51.7,0.733,9480,411,1550,208,1810,10.4,125,33.1,200,480,0.692,54,53.4,403,177,10.9,7.5,85,340,31,23,381,1.5,1.32,W16x36
W530x66,1,7.24,56.4,0.644,8390,351,1340,205,1560,8.57,104,32,166,320,0.565,46,46.2,403,140,11.2,7,67,344,30,21,381,1.35,1.21,W16x31
W460x464,1,2.19,11.1,4.55,59100,2900,10200,222,12400,331,2170,74.9,3400,73100,20.5,39,39.2,399,140,8.8,6.4,67,344,27,20,381,1.35,1.21,W16x26
W460x421,1,2.38,12,4.14,53700,2570,9250,219,11100,293,1940,73.9,3030,55700,17.7,1299,1299,600,476,140,100,188,257,172,80,320,2.9,2.43,W14x873
W460x384,1,2.56,13.2,3.77,49000,2290,8420,217,10000,261,1750,73.1,2730,42700,15.5,1202,1201.5,580,471,130,95,188,257,162,78,320,2.85,2.38,W14x808
W460x349,1,2.76,14.5,3.42,44400,2040,7640,214,9010,233,1570,72.3,2440,32800,13.5,1086,1087.8,569,454,125,78,188,256,157,69,319,2.8,2.34,W14x730
W460x315,1,3.02,15.9,3.08,40100,1800,6850,212,8020,204,1390,71.4,2160,24300,11.6,990,991,550,448,115,71.9,188,257,147,66,320,2.75,2.3,W14x665
W460x286,1,3.28,17.5,2.8,36400,1610,6230,210,7240,183,1260,70.9,1940,18600,10.2,900,902.1,531,442,106,65.9,188,256,138,63,319,2.7,2.26,W14x605
W460x260,1,3.58,18.9,2.55,33100,1440,5650,208,6530,163,1130,70.1,1740,14100,8.95,818,819,514,437,97,60.5,188,257,129,60,320,2.66,2.22,W14x550
W460x235,1,3.92,20.8,2.3,29900,1270,5080,206,5840,145,1010,69.5,1550,10500,7.79,744,744.2,498,432,88.9,55.6,188,257,120,58,320,2.61,2.18,W14x500
W460x213,1,4.25,23.1,2.09,27100,1140,4620,205,5270,129,909,69.1,1400,7970,6.89,677,677.8,483,428,81.5,51.2,188,257,113,56,320,2.58,2.15,W14x455
W460x193,1,4.64,25.2,1.9,24700,1020,4190,204,4750,115,816,68.5,1250,6030,6.06,634,634.3,474,424,77.1,47.6,188,257,109,54,320,2.55,2.12,W14x426
W460x177,1,5.32,25.8,1.74,22600,910,3780,201,4280,105,735,68.2,1130,4400,5.44,592,592.6,465,421,72.3,45,188,257,104,53,320,2.52,2.1,W14x398
W460x158,1,5.94,28.5,1.55,20100,796,3350,199,3770,91.4,643,67.4,989,3110,4.67,551,550.6,455,418,67.6,42,188,257,99,51,320,2.5,2.08,W14x370
W460x144,1,6.4,31.5,1.42,18400,726,3080,199,3450,83.6,591,67.4,906,2440,4.23,509,509.4,446,416,62.7,39.1,188,258,94,50,321,2.48,2.06,W14x342
W460x129,1,7.19,36.1,1.26,16300,637,2730,197,3050,73.3,520,67,796,1710,3.67,463,462.8,435,412,57.4,35.8,188,257,89,48,320,2.45,2.03,W14x311
W460x113,2,8.09,39.7,1.11,14400,556,2400,196,2670,63.3,452,66.3,691,1180,3.15,421,421.6,425,409,52.6,32.8,188,257,84,46,320,2.42,2.01,W14x283
W460x106,1,4.71,34,1.04,13400,488,2080,190,2390,25.1,259,43.2,405,1460,1.26,382,382.3,416,406,48,29.8,188,257,80,45,320,2.4,1.99,W14x257
W460x87,1,5.08,37.5,0.947,12300,445,1910,190,2180,22.8,237,43.1,388,1130,1.14,347,346.9,407,404,43.7,27.2,188,257,76,44,320,2.38,1.97,W14x233
W460x89,1,5.42,40.7,0.875,11400,409,1770,190,2010,20.9,218,42.9,339,905,1.04,314,313.3,399,401,39.6,24.9,188,257,71,42,320,2.35,1.95,W14x211
W460x82,1,5.97,43.2,0.803,10500,370,1610,188,1830,18.6,195,42.2,303,690,0.918,287,287.5,393,399,36.6,22.6,188,257,68,41,320,2.34,1.94,W14x193
W460x74,1,6.55,47.6,0.727,9480,332,1460,188,1650,16.6,175,41.9,271,516,0.813,262,262.7,387,398,33.3,21.1,188,257,65,41,320,2.32,1.93,W14x176
W460x68,1,5,47.1,0.672,8710,297,1290,184,1490,9.4,122,32.8,192,508,0.463,237,238.2,380,395,30.2,18.9,188,257,62,39,320,2.3,1.91,W14x159
W460x60,1,5.75,53.6,0.584,7610,255,1120,183,1280,7.96,104,32.4,163,334,0.388,216,216.3,375,394,27.7,17.3,188,257,59,39,320,2.29,1.9,W14x145
W460x52,1,7.04,56.4,0.51,6650,212,942,179,1090,6.34,83.4,30.9,131,209,0.306,196,196.5,372,374,26.2,16.4,179,257,58,38,320,2.21,1.83,W14x132
W410x149,1,5.3,25.6,1.46,19000,618,2870,180,3250,77.7,586,63.9,900,3210,3.2,179,179.2,368,373,23.9,15,179,257,55,38,320,2.2,1.83,W14x120
W410x132,1,5.92,28.6,1.3,16900,538,2530,179,2850,67.4,512,63.3,785,2250,2.73,162,161.9,364,371,21.8,13.3,179,257,53,37,320,2.19,1.81,W14x109
W410x114,1,6.76,32.9,1.12,14600,461,2200,178,2460,57.2,439,62.7,671,1480,2.3,147,147.5,360,370,19.8,12.3,179,257,51,36,320,2.18,1.81,W14x99
W410x100,1,7.69,38.1,0.977,12700,398,1920,177,2130,49.5,381,62.5,581,993,1.96,134,133.9,356,369,18,11.2,179,257,50,36,320,2.17,1.8,W14x90
W410x85,1,4.97,34.9,0.833,10800,315,1510,171,1720,18,199,40.8,310,924,0.717,122,121.7,363,257,21.7,13,122,276,44,27,320,1.73,1.47,W14x82
W410x74,1,5.63,39.3,0.735,9480,275,1330,170,1510,15.6,173,40.4,269,636,0.614,110,110.2,360,256,19.9,11.4,122,277,42,26,320,1.72,1.47,W14x74
W410x67,1,6.22,43.3,0.662,8580,245,1200,169,1360,13.8,154,40.1,239,468,0.54,101,101.2,357,255,18.3,10.5,122,277,40,26,320,1.71,1.46,W14x68
W410x60,1,6.95,49.5,0.583,7610,216,1060,169,1190,12,135,39.9,209,327,0.468,91,90.8,353,254,16.4,9.5,122,277,38,25,320,1.7,1.45,W14x61
W410x54,2,8.12,50.8,0.524,6840,186,923,165,1050,10.1,114,38.5,177,225,0.388,79,79.2,354,205,16.8,9.4,98,277,39,25,320,1.51,1.3,W14x53
W410x46,1,6.25,54.4,0.453,5880,156,772,163,884,5.14,73.4,29.5,115,192,0.197,72,71.5,350,204,15.1,8.6,98,276,37,25,320,1.5,1.29,W14x48
W410x39,2,7.95,59.6,0.384,4950,126,634,159,730,4.04,57.6,28.4,90.6,110,0.154,64,63.9,347,203,13.5,7.7,98,276,35,24,320,1.49,1.29,W14x43
W360x1299,1,1.7,3.2,12.7,165000,7550,25200,214,33200,2540,10700,124,16700,944000,135,1299,1299,600,476,140,100,188,257,172,80,320,2.9,2.43,W14x873
W360x1202,1,1.81,3.37,11.8,153000,6640,22900,208,30000,2290,9710,122,15200,762000,116,1202,1201.5,580,471,130,95,188,257,162,78,320,2.85,2.38,W14x808
W360x1086,1,1.82,4.09,10.7,139000,5960,20900,207,27200,1960,8650,119,13400,605000,96.7,1086,1087.8,569,454,125,78,188,256,157,69,319,2.8,2.34,W14x730
W360x990,1,1.95,4.45,9.72,125000,5190,18900,203,24300,1730,7740,117,12000,469000,82,990,991,550,448,115,71.9,188,257,147,66,320,2.75,2.3,W14x665
W360x900,1,2.06,4.84,8.85,115000,4500,17000,198,21600,1530,6940,116,10700,364000,69.2,900,902.1,531,442,106,65.9,188,256,138,63,319,2.7,2.26,W14x605
W360x818,1,2.25,5.29,8.03,105000,3670,15300,194,19300,1360,5200,114,9560,278000,56.9,818,819,514,437,97,60.5,188,257,129,60,320,2.66,2.22,W14x550
W360x744,1,2.43,5.76,7.3,94800,3420,13700,190,17200,1020,6550,112,8550,214000,50.2,744,744.2,498,432,88.9,55.6,188,257,120,58,320,2.61,2.18,W14x500
W360x677,1,2.63,6.25,6.65,86500,2990,12400,185,15300,1070,4990,111,7680,184000,43.1,677,677.8,483,428,81.5,51.2,188,257,113,56,320,2.58,2.15,W14x455
W360x634,1,2.75,6.72,6.22,80800,2740,11600,184,14200,983,4630,110,7120,138000,38.7,634,634.3,474,424,77.1,47.6,188,257,109,54,320,2.55,2.12,W14x426
W360x592,1,2.91,7.12,5.81,75500,2500,10800,182,13100,902,4280,109,6570,114000,34.8,592,592.6,465,421,72.3,45,188,257,104,53,320,2.52,2.1,W14x398
W360x551,1,3.09,7.61,5.4,70300,2260,9940,180,12100,825,3950,108,6050,92500,31,551,550.6,455,418,67.6,42,188,257,99,51,320,2.5,2.08,W14x370
W360x509,1,3.32,8.2,5,65200,2050,9170,178,11000,754,3630,108,5550,73900,27.7,509,509.4,446,416,62.7,39.1,188,258,94,50,321,2.48,2.06,W14x342
W360x463,1,3.59,8.94,4.54,59000,1800,8280,175,9880,670,3250,107,4980,56500,23.9,463,462.8,435,412,57.4,35.8,188,257,89,48,320,2.45,2.03,W14x311
W360x421,1,3.89,9.75,4.13,53700,1600,7510,172,8880,601,2940,106,4490,43400,20.8,421,421.6,425,409,52.6,32.8,188,257,84,46,320,2.42,2.01,W14x283
W360x382,1,4.23,10.7,3.75,48800,1410,6790,170,7980,536,2640,105,4030,32800,18.2,382,382.3,416,406,48,29.8,188,257,80,45,320,2.4,1.99,W14x257
W360x347,1,4.62,11.8,3.4,44200,1250,6140,168,7140,481,2380,104,3630,24800,15.9,347,346.9,407,404,43.7,27.2,188,257,75,44,320,2.38,1.97,W14x233
W360x314,1,5.06,12.8,3.07,40000,1100,5530,166,6370,426,2120,103,3240,18500,13.8,314,313.3,399,401,39.6,24.9,188,257,71,42,320,2.35,1.95,W14x211
W360x287,1,5.48,14.2,2.82,36600,997,5070,165,5810,388,1940,103,2960,14500,12.3,287,287.5,393,399,36.6,22.6,188,257,68,41,320,2.34,1.94,W14x193
W360x262,1,5.98,15.2,2.58,33400,894,4620,163,5260,350,1760,102,2680,11000,11,262,262.7,387,398,33.3,21.1,188,257,65,41,320,2.32,1.93,W14x176
W360x237,1,6.54,16.9,2.32,30100,788,4150,162,4690,310,1570,102,2390,8180,9.5,237,236.2,380,395,30.2,18.9,188,257,62,39,320,2.3,1.91,W14x159
W360x216,1,7.11,18.5,2.12,27500,711,3790,161,4260,283,1430,101,2180,6320,8.52,216,216.3,375,394,27.7,17.3,188,257,59,39,320,2.29,1.9,W14x145
W360x196,1,7.14,19.5,1.93,25000,636,3420,159,3840,229,1220,95.6,1860,5130,6.83,196,196.5,372,374,26.2,16.4,179,257,58,38,320,2.21,1.83,W14x132
W360x179,1,7.8,21.3,1.76,22800,574,3120,159,3480,207,1110,95.2,1860,3910,6.12,179,179.2,368,373,23.9,15,179,257,55,38,320,2.2,1.83,W14x120
W360x162,2,8.51,24.1,1.59,20600,515,2830,158,3140,186,1000,94.9,1520,2940,5.43,162,161.9,364,371,21.8,13.3,179,257,53,37,320,2.19,1.81,W14x109
W360x147,3,9.34,26,1.45,18800,463,2570,157,2840,167,904,94.3,1370,2230,4.84,147,147.5,360,370,19.8,12.3,179,257,51,36,320,2.18,1.81,W14x99
W360x134,3,10.3,28.6,1.31,17100,415,2330,156,2560,151,817,94,1240,1680,4.31,134,133.9,356,369,18,11.2,179,257,50,36,320,2.17,1.8,W14x90
W360x122,1,5.92,24.6,1.19,15500,365,2010,154,2270,61.5,478,63,732,2110,1.79,122,121.7,363,257,21.7,13,122,276,44,27,320,1.73,1.47,W14x82
W360x110,1,6.43,28.1,1.08,14100,331,1840,154,2060,55.7,435,63,664,1600,1.61,110,110.2,360,256,19.9,11.4,122,277,42,26,320,1.72,1.47,W14x74
W360x101,1,6.97,30.5,0.992,12900,301,1690,153,1880,50.6,397,62.7,605,1250,1.45,101,101.2,357,255,18.3,10.5,122,277,40,26,320,1.71,1.46,W14x68
W360x91,1,7.74,33.7,0.89,11500,267,1510,152,1680,44.8,353,62.3,538,914,1.27,91,90.8,353,254,16.4,9.5,122,277,38,25,320,1.7,1.45,W14x61
W360x79,1,6.1,34.1,0.777,10100,226,1280,150,1430,24.2,236,48.9,362,811,0.687,79,79.2,354,205,16.8,9.4,98,277,39,25,320,1.51,1.3,W14x53
W360x72,1,6.75,37.2,0.701,9100,201,1150,149,1280,21.4,210,48.5,322,601,0.6,72,71.5,350,204,15.1,8.6,98,276,37,25,320,1.5,1.29,W14x48
W360x64,1,7.52,41.6,0.626,8130,178,1030,148,1140,18.8,186,48.1,284,436,0.524,64,63.9,347,203,13.5,7.7,98,276,35,24,320,1.49,1.29,W14x43
W360x57,1,6.56,42,0.555,7230,160,896,149,1010,11.1,129,39.3,199,333,0.331,57,56.6,358,172,13.1,7.9,82,295,31,21,332,1.39,1.22,W14x38
W360x51,1,7.37,46.1,0.496,6450,141,796,148,893,9.68,113,38.8,174,237,0.285,51,50.6,355,171,11.6,7.2,82,295,30,20,332,1.38,1.21,W14x34
W360x45,2,8.72,48.2,0.441,5710,122,691,146,778,8.18,95.7,37.8,148,159,0.239,45,45,352,171,9.8,6.9,82,296,28,20,332,1.37,1.2,W14x30
W360x39,1,5.98,51,0.383,4960,102,580,143,662,3.75,58.6,27.4,91.6,150,0.11,39,39.1,353,128,10.7,6.5,61,295,29,20,332,1.21,1.08,W14x26
W360x33,1,7.47,57.2,0.321,4190,82.6,473,141,541,2.91,45.8,26.4,71.8,85.3,0.0843,33,32.7,349,127,8.5,5.8,61,296,27,20,332,1.19,1.07,W14x22
W310x500,1,2.26,6.14,4.91,63700,1690,7910,163,9880,494,2910,88,4490,101000,15.3,500,500.4,427,340,75.1,45.1,147,233,97,43,277,2.12,1.78,W12x336
W310x454,1,2.45,6.72,4.45,57800,1480,7130,160,8820,436,2600,86.8,4000,77200,13.1,454,454,415,336,68.7,41.3,147,234,91,41,278,2.09,1.76,W12x305
W310x415,1,2.66,7.14,4.07,52800,1300,6450,157,7900,391,2340,86,3610,59500,11.3,415,415.1,403,334,62.7,38.9,148,234,85,40,278,2.06,1.73,W12x279
W310x375,1,2.88,7.81,3.68,47800,1130,5770,154,7000,344,2080,84.8,3210,44900,9.57,375,374.8,391,330,57.2,35.4,147,233,79,38,277,2.03,1.7,W12x252
W310x342,1,3.12,8.49,3.37,43700,1010,5260,152,6330,310,1890,84.2,2910,34900,8.42,342,343.2,382,328,52.6,32.6,148,233,74,37,277,2.01,1.68,W12x230
W310x313,1,3.36,9.25,3.07,39900,896,4790,150,5720,277,1700,83.3,2620,27000,7.35,313,313.3,374,325,48.3,30,148,234,70,35,277,1.99,1.66,W12x210
W310x283,1,3.65,10.3,2.77,36000,787,4310,148,5100,246,1530,82.6,2340,20300,6.33,283,282.9,365,322,44.1,26.9,148,233,66,34,277,1.96,1.64,W12x190
W310x253,1,4.03,11.3,2.48,32300,682,3830,146,4490,215,1350,81.6,2060,14800,5.37,253,252.9,356,319,39.6,24.4,147,233,61,33,277,1.94,1.62,W12x170
W310x226,1,4.45,12.5,2.22,28800,596,3420,144,3970,189,1190,81,1830,10800,4.62,226,226.7,348,317,35.6,22.1,147,233,57,31,277,1.92,1.6,W12x152
W310x202,1,4.95,13.8,1.99,25700,520,3050,142,3510,166,1050,80.2,1610,7730,3.96,202,202.6,341,315,31.8,20.1,147,234,54,30,277,1.9,1.59,W12x136
W310x179,1,5.57,15.4,1.75,22800,445,2670,140,3050,144,919,79.5,1400,5370,3.34,179,178.7,333,313,28.1,18,148,233,50,29,277,1.88,1.57,W12x120
W310x158,1,6.18,17.9,1.54,20100,386,2860,139,2670,125,805,78.9,1220,3770,2.84,158,157.4,327,310,25.1,15.5,147,233,47,28,277,1.86,1.55,W12x106
W310x143,1,6.75,19.8,1.4,18200,348,2150,138,2420,113,729,78.6,1110,2860,2.54,143,143.1,323,309,22.9,14,148,234,45,27,277,1.85,1.55,W12x96
W310x129,1,7.48,21.1,1.27,16500,308,1940,137,2160,100,652,78,991,2130,2.22,129,129.6,318,308,20.6,13.1,147,233,42,27,277,1.84,1.53,W12x87
W310x118,2,8.21,23.2,1.15,15000,275,1750,136,1950,90.2,588,77.6,893,1600,1.97,118,117.5,314,307,18.7,11.9,148,233,41,26,277,1.83,1.53,W12x79
W310x107,2,9,25.4,1.05,13600,248,1590,135,1760,81.2,531,77.2,806,1210,1.76,107,106.9,311,306,17,10.9,148,233,39,26,277,1.82,1.52,W12x72
W310x97,3,9.9,28,0.949,12300,222,1440,134,1590,72.9,478,76.9,725,909,1.56,97,96.8,308,305,15.4,9.9,148,234,37,25,277,1.82,1.51,W12x65
W310x86,1,7.79,30.5,0.847,11000,198,1280,134,1420,44.5,351,63.6,533,874,0.961,86,86.3,310,254,16.3,9.1,122,234,38,25,277,1.62,1.36,W12x58
W310x79,2,8.7,31.5,0.773,10100,177,1150,133,1280,39.9,314,63,478,655,0.847,79,78.9,306,254,14.6,8.8,123,234,36,24,277,1.61,1.36,W12x53
W310x74,1,6.29,29.5,0.726,9480,164,1060,132,1180,23.4,229,49.9,350,718,0.505,74,74,310,205,16.3,9.4,98,234,38,25,277,1.42,1.22,W12x50
W310x67,1,6.99,32.6,0.65,8520,144,942,131,1050,20.7,203,49.5,310,522,0.439,67,66.3,306,204,14.6,8.5,98,234,36,24,277,1.41,1.21,W12x45
W310x60,1,7.75,36.9,0.58,7610,128,842,130,933,18.3,180,49.3,275,378,0.384,60,59.1,303,203,13.1,7.5,98,234,35,24,277,1.4,1.2,W12x40
W310x52,1,6.33,38.2,0.513,6650,118,747,133,837,10.3,123,39.2,189,308,0.237,52,52.3,317,167,13.2,7.6,80,256,31,20,291,1.29,1.12,W12x35
W310x45,1,7.41,44,0.438,5670,99.2,634,132,708,8.55,103,38.8,158,191,0.195,45,44.6,313,166,11.2,6.6,80,256,29,19,291,1.28,1.11,W12x30
W310x39,2,8.51,50.1,0.38,4940,85.1,549,131,610,7.27,88.1,38.4,135,126,0.164,39,38.7,310,165,9.7,5.8,80,256,27,19,291,1.27,1.1,W12x26
W310x33,1,4.72,44.2,0.321,4180,65,415,125,480,1.92,37.6,21.4,59.6,122,0.0438,33,32.8,313,102,10.8,6.6,48,264,24,15,291,1.02,0.919,W12x22
W310x28,1,5.73,48.5,0.278,3590,54.3,351,123,407,1.58,31,20.9,49.2,75.7,0.0356,28,28.4,309,102,8.9,6,48,264,22,15,291,1.01,0.912,W12x19
W310x24,1,7.54,52.1,0.234,3040,42.7,280,119,328,1.16,22.9,19.5,36.7,42.5,0.0257,24,23.8,305,101,6.7,5.6,48,265,20,15,292,1,0.902,W12x16
W310x21,2,8.86,57.2,0.207,2680,37,244,117,287,0.983,19.5,19.1,31.2,29.4,0.0217,21,21.1,303,101,5.7,5.1,48,265,19,15,292,1,0.899,W12x14
W250x167,1,4.17,11.7,1.64,21200,300,2080,119,2430,98.8,746,68.1,1140,6310,1.63,167,167.4,289,265,31.8,19.2,123,184,52,29,225,1.6,1.33,W10x112
W250x149,1,4.63,13,1.46,19000,259,1840,117,2130,86.2,656,67.4,1000,4510,1.39,149,148.9,282,263,28.4,17.3,123,184,49,28,225,1.58,1.32,W10x100
W250x131,1,5.2,14.6,1.29,16700,221,1610,115,1850,74.5,571,66.8,870,3120,1.16,131,131.1,275,261,25.1,15.4,123,184,46,27,225,1.56,1.3,W10x88
W250x115,1,5.86,16.7,1.13,14600,189,1410,114,1600,64.1,495,66.2,753,2130,0.976,115,114.8,269,259,22.1,13.5,123,184,43,26,225,1.55,1.29,W10x77
W250x101,1,6.56,18.9,0.992,12900,164,1240,113,1400,55.5,432,65.6,656,1490,0.829,101,101.2,264,257,19.6,11.9,123,184,40,25,225,1.53,1.28,W10x68
W250x89,1,7.4,21.1,0.878,11400,143,1100,112,1230,48.4,378,65.1,574,1040,0.713,89,89.6,260,256,17.3,10.7,123,184,38,24,225,1.52,1.27,W10x60
W250x80,2,8.17,23.9,0.786,10200,126,982,111,1090,43.1,338,65,513,757,0.623,80,80.1,256,255,15.6,9.4,123,184,36,24,225,1.51,1.26,W10x54
W250x73,2,8.94,26.1,0.715,9290,113,891,110,985,38.8,306,64.6,463,575,0.553,73,72.9,253,254,14.2,8.6,123,184,35,23,225,1.5,1.25,W10x49
W250x67,1,6.5,25.3,0.658,8580,104,806,110,901,22.2,218,51,332,625,0.324,67,67.1,257,204,15.7,8.9,98,185,36,23,226,1.31,1.11,W10x45
W250x58,1,7.52,28.1,0.571,7420,87.3,693,108,770,18.8,186,50.4,283,409,0.268,58,58.2,252,203,13.5,8,98,184,34,23,225,1.3,1.1,W10x39
W250x49,3,9.18,30.4,0.481,6260,70.6,572,106,633,15.1,150,49.2,228,241,0.211,49,49,247,202,11,7.4,97,184,32,23,225,1.29,1.09,W10x33
W250x45,1,5.69,31.6,0.44,5700,71.1,534,111,602,7.03,95.1,35.1,146,261,0.113,45,44.9,266,148,13,7.6,70,209,29,18,240,1.11,0.961,W10x30
W250x39,1,6.56,36.3,0.379,4910,60.1,459,110,513,5.94,80.8,34.7,124,169,0.0934,39,38.7,262,147,11.2,6.6,70,209,27,17,240,1.1,0.952,W10x26
W250x33,2,8.02,39.3,0.321,4190,48.9,379,108,424,4.73,54.7,33.7,99.5,98.5,0.0732,33,32.7,258,146,9.1,6.1,70,211,24,16,240,1.09,0.942,W10x22
W250x28,1,5.1,37.5,0.279,3630,40,307,105,353,1.78,34.8,22.1,54.7,96.7,0.0277,28,28.5,260,102,10,6.4,48,213,24,15,240,0.915,0.813,W10x19
W250x25,1,6.07,39.4,0.249,3220,34.2,266,103,307,1.49,29.2,21.5,46.2,65.2,0.023,25,25.3,257,102,8.4,6.1,48,213,22,15,240,0.91,0.808,W10x17
W250x22,1,7.39,41.4,0.219,2850,28.9,227,101,263,1.23,24,20.7,38.1,43.4,0.0187,22,22.4,254,102,6.9,5.8,48,213,20,15,240,0.904,0.802,W10x15
W200x100,1,4.43,12.5,0.175,2280,22.4,179,99.3,207,0.913,18.1,20,28.6,22.4,0.0138,18,17.9,251,101,5.3,4.8,48,213,19,14,240,0.896,0.795,W10x12
W200x86,1,5.07,13.9,0.976,12700,113,989,94.5,1150,36.6,349,53.8,533,2090,0.386,100,99.5,229,210,23.7,14.5,98,148,40,22,182,1.27,1.06,W8x67
W200x71,1,5.92,17.8,0.85,11000,94.7,853,92.6,981,31.4,300,53.3,458,1390,0.318,86,86.7,222,209,20.6,13,98,147,37,22,181,1.25,1.04,W8x58
W200x59,1,7.22,20,0.701,9100,76.6,709,91.7,803,25.4,246,52.8,375,817,0.25,71,71.5,216,206,17.4,10.2,98,148,34,20,181,1.24,1.03,W8x48
W200x52,2,8.1,22.9,0.582,7550,61.1,582,89.9,653,20.4,199,52,303,463,0.196,59,59.3,210,205,14.2,9.1,98,148,31,20,182,1.22,1.02,W8x40
W200x46,3,9.23,25.1,0.512,6650,52.7,512,89,569,17.8,175,51.8,266,323,0.167,52,52.2,206,204,12.6,7.9,98,147,29,19,181,1.21,1.01,W8x35
W200x42,1,7.03,25.2,0.451,5890,45.4,448,88.1,495,15.3,151,51.2,229,220,0.141,46,46,203,203,11,7.2,98,148,28,19,181,1.2,1,W8x31
W200x36,2,8.09,29.1,0.409,5320,40.9,399,87.7,445,9,108,41.2,165,222,0.084,42,41.7,205,166,11.8,7.2,79,152,26,17,181,1.06,0.894,W8x28
W200x31,1,6.57,29.6,0.352,4570,34.4,342,86.7,379,7.64,92.6,40.9,141,145,0.0696,36,35.9,201,165,10.2,6.2,79,152,25,16,181,1.05,0.885,W8x24
W200x27,2,7.92,32.8,0.308,3970,31.4,299,88.6,335,4.1,61.1,32,93.8,119,0.0409,31,31.4,210,134,10.2,6.4,64,166,22,14,190,0.943,0.809,W8x21
W200x22,1,6.38,30.6,0.261,3390,25.8,249,87.3,279,3.3,49.6,31.2,76.1,71.3,0.0325,27,26.6,207,133,8.4,5.8,64,167,20,13,190,0.934,0.801,W8x18
W200x19,2,7.85,32.8,0.22,2860,20,194,83.6,222,1.42,27.8,22.3,43.7,56.6,0.0139,22,22.4,206,102,8,6.2,48,166,20,13,190,0.808,0.706,W8x15
W200x15,3,9.62,44.1,0.191,2480,16.6,163,81.7,187,1.15,22.6,21.6,35.6,36.2,0.0111,19,19.4,203,102,6.5,5.8,48,165,19,14,190,0.802,0.7,W8x13
W150x37,1,6.64,17.1,0.147,1910,12.7,127,81.8,145,0.869,17.4,21.4,27.1,17.6,0.00824,15,15,200,100,5.2,4.3,48,165,18,13,190,0.791,0.691,W8x10
W150x30,2,8.23,21,0.364,4740,22.2,274,68.5,310,7.07,91.8,38.7,140,192,0.04,37,37.1,162,154,11.6,8.1,73,114,24,15,139,0.924,0.77,W6x25
W150x22,4,11.5,23.9,0.292,3790,17.1,218,67.3,244,5.56,72.6,38.3,111,100,0.0303,30,29.8,157,153,9.3,6.6,73,113,22,14,138,0.913,0.76,W6x20
W150x24,1,4.95,21.1,0.219,2860,12,159,65.1,176,3.87,50.9,36.9,77.5,41.5,0.0204,22,22.3,152,152,6.6,5.8,73,114,19,14,139,0.9,0.748,W6x15
W150x18,1,7.18,23.9,0.235,3060,13.4,168,66.3,191,1.83,35.8,24.5,55.2,92.3,0.0102,24,24,160,102,10.3,6.6,48,116,22,14,139,0.715,0.613,W6x16
W150x14,2,9.09,32.3,0.176,2290,9.15,120,63.3,136,1.26,24.7,23.5,38.2,36.9,0.0067,18,17.9,153,102,7.1,5.8,48,115,19,13,139,0.702,0.6,W6x12
W150x13,3,10.2,32.1,0.133,1730,6.85,91.3,63,102,0.918,18.4,23,28.3,16.8,0.00479,14,13.6,150,100,5.5,4.3,48,115,17,12,139,0.691,0.591,W6x9
W130x28,1,5.87,15.8,0.124,1630,6.13,82.8,61.7,93,0.818,16.4,22.5,25.3,13.6,0.00419,13,12.6,148,100,4.9,4.3,48,115,17,12,138,0.687,0.587,W6x8.5
W130x24,1,6.98,17.8,0.275,3590,10.9,167,55.3,190,3.81,59.6,32.7,90.7,127,0.0138,28,28.1,131,128,10.9,6.9,61,86,23,14,109,0.76,0.632,W5x19
W100x19,1,5.85,12.5,0.231,3040,8.79,138,54.1,156,3.11,49,32.2,74.5,76.2,0.0108,24,23.6,127,127,9.1,6.1,60,85,21,13,109,0.75,0.623,W5x16
,,,,0.19,2470,4.76,89.8,43.9,103,1.61,31.2,25.5,47.9,62.9,0.00379,19,19.4,106,103,8.8,7.1,48,65,21,21,88,0.61,0.507,W4x13
,,,,,,,,,,,,,,,,,,,,,,,,,,,,,
,,,,,,,,,,,,,,,,,,,,,,,,,,,,,
,,,,,,,,,,,,,,,,,,,,,,,,,,,,,
Class Limits,ba/t,h/w,,,,,,,,,,,,,,,,,,,,,,,,,,,
1,7.81,59.2,,,,,,,,,,,,,,,,,,,,,,,,,,,
2,9.15,91.5,,,,,,,,,,,,,,,,,,,,,,,,,,,
3,10.77,102.3,,,,,,,,,,,,,,,,,,,,,,,,,,,
