Designation,Class,ba/t,h/w,Area,Ix,Sx,rx,Zx,Iy,Sy,ry,Zy,J,Cw,d,b,t,w,k
W1100x607,,3.73,33.16,77700.0,16200.0,28500.0,457.0,33000.0,635.0,3100.0,90.4,4890.0,57900.0,186000.0,1138.0,410.0,55.0,31.0,87.0
W1100x548,,4.07,36.71,70300.0,14600.0,25800.0,455.0,29700.0,564.0,2770.0,89.60000000000001,4360.0,43400.0,164000.0,1128.0,407.0,50.0,28.0,82.0
W1100x499,,4.5,39.54,63500.0,12900.0,23100.0,451.0,26600.0,500.0,2470.0,88.7,3870.0,31100.0,144000.0,1118.0,405.0,45.0,26.0,77.0
W1100x433,,5.03,46.73,55100.0,11300.0,20300.0,452.0,23200.0,434.0,2160.0,88.7,3360.0,21200.0,124000.0,1108.0,402.0,40.0,22.0,72.0
W1100x390,,5.56,51.4,49700.0,10100.0,18300.0,450.0,20800.0,385.0,1920.0,88.0,2990.0,15600.0,109000.0,1100.0,400.0,36.0,20.0,68.0
W1100x343,,6.45,57.11,43600.0,8670.0,15900.0,446.0,18100.0,331.0,1660.0,87.10000000000001,2570.0,10300.0,92900.0,1090.0,400.0,31.0,18.0,63.0
W1000x976,,2.38,18.56,124000.0,23500.0,42400.0,435.0,50300.0,1190.0,5540.0,97.7,8840.0,244000.0,307000.0,1108.0,428.0,89.9,50.0,121.0
W1000x883,,2.59,20.4,113000.0,21000.0,38400.0,432.0,45300.0,1050.0,4950.0,96.60000000000001,7870.0,185000.0,268000.0,1092.0,424.0,82.0,45.5,114.0
W1000x748,,2.98,23.79,95300.0,17300.0,32400.0,426.0,37900.0,851.0,4080.0,94.5,6460.0,116000.0,212000.0,1068.0,417.0,70.0,39.0,102.0
W1000x642,,3.43,27.29,81800.0,14500.0,27700.0,421.0,32100.0,703.0,3410.0,92.7,5380.0,73800.0,172000.0,1048.0,412.0,60.0,34.0,92.0
W1000x591,,3.66,29.94,75300.0,13300.0,25600.0,421.0,29500.0,640.0,3130.0,92.2,4920.0,59000.0,155000.0,1040.0,409.0,55.9,31.0,87.0
W1000x554,,3.92,31.46,70600.0,12300.0,23900.0,418.0,27500.0,591.0,2900.0,91.5,4550.0,48300.0,142000.0,1032.0,408.0,52.0,29.5,84.0
W1000x539,,3.98,32.67,68700.0,12000.0,23400.0,418.0,26800.0,576.0,2830.0,91.60000000000001,4440.0,45300.0,138000.0,1030.0,407.0,51.1,28.4,83.0
W1000x483,,4.39,36.54,61500.0,10700.0,20900.0,417.0,23900.0,507.0,2510.0,90.80000000000001,3920.0,33100.0,120000.0,1020.0,404.0,46.0,25.4,78.0
W1000x443,,4.8,39.33,56400.0,9670.0,19100.0,414.0,21800.0,455.0,2260.0,89.80000000000001,3530.0,25400.0,107000.0,1012.0,402.0,41.9,23.6,73.0
W1000x412,,5.03,43.98,52500.0,9100.0,18100.0,416.0,20500.0,434.0,2160.0,90.9,3350.0,21400.0,102000.0,1008.0,402.0,40.0,21.1,72.0
W1000x371,,5.54,48.83,47300.0,8140.0,16300.0,415.0,18400.0,386.0,1930.0,90.30000000000001,2980.0,15900.0,89600.0,1000.0,400.0,36.1,19.0,68.0
W1000x321,,6.45,56.24,40900.0,6960.0,14100.0,413.0,15800.0,331.0,1660.0,90.0,2550.0,10300.0,76100.0,990.0,400.0,31.0,16.5,63.0
W1000x296,,7.38,56.23,37800.0,6200.0,12600.0,405.0,14300.0,290.0,1450.0,87.60000000000001,2240.0,7640.0,66000.0,982.0,400.0,27.1,16.5,59.0
W1000x584,,2.45,25.78,74400.0,12500.0,23600.0,409.0,28000.0,334.0,2130.0,67.0,3470.0,71500.0,82200.0,1056.0,314.0,64.0,36.0,96.0
W1000x494,,2.86,29.94,62900.0,10300.0,19800.0,404.0,23400.0,268.0,1740.0,65.3,2820.0,44000.0,64700.0,1036.0,309.0,54.0,31.0,86.0
W1000x486,,2.85,30.93,61900.0,10200.0,19700.0,406.0,23200.0,266.0,1730.0,65.5,2790.0,42900.0,64100.0,1036.0,308.0,54.1,30.0,86.0
W1000x438,,3.11,34.5,55600.0,9090.0,17700.0,404.0,20700.0,234.0,1530.0,64.8,2460.0,31800.0,55700.0,1026.0,305.0,49.0,26.9,81.0
W1000x415,,3.3,35.69,52900.0,8530.0,16700.0,402.0,19600.0,217.0,1430.0,64.10000000000001,2300.0,27000.0,51500.0,1020.0,304.0,46.0,26.0,78.0
W1000x393,,3.45,38.04,50000.0,8080.0,15900.0,402.0,18500.0,205.0,1350.0,64.0,2170.0,23300.0,48400.0,1016.0,303.0,43.9,24.4,75.0
W1000x350,,3.78,43.98,44500.0,7230.0,14300.0,403.0,16600.0,185.0,1220.0,64.4,1940.0,17200.0,43200.0,1008.0,302.0,40.0,21.1,72.0
W1000x314,,4.18,48.6,40000.0,6440.0,12900.0,401.0,14900.0,162.0,1080.0,63.7,1710.0,12600.0,37700.0,1000.0,300.0,35.9,19.1,67.0
W1000x272,,4.84,56.24,34700.0,5540.0,11200.0,400.0,12800.0,140.0,933.0,63.5,1470.0,8350.0,32200.0,990.0,300.0,31.0,16.5,63.0
W1000x249,,5.77,56.24,31700.0,4810.0,9820.0,390.0,11300.0,118.0,783.0,60.900000000000006,1240.0,5820.0,26700.0,980.0,300.0,26.0,16.5,58.0
W1000x222,,7.11,57.99,28300.0,4080.0,8410.0,380.0,9800.0,95.4,636.0,58.1,1020.0,3900.0,21500.0,970.0,300.0,21.1,16.0,53.0
W920x1377,,2.05,11.25,175000.0,30300.0,55500.0,416.0,67600.0,2060.0,8720.0,108.0,14200.0,596000.0,493000.0,1093.0,473.0,115.1,76.7,147.0
W920x1269,,2.0,13.48,162000.0,29000.0,53000.0,423.0,63900.0,1900.0,8240.0,108.0,13100.0,514000.0,454000.0,1093.0,461.0,115.1,64.0,147.0
W920x1194,,2.1,14.26,152000.0,26900.0,49800.0,421.0,59800.0,1750.0,7660.0,107.0,12200.0,435000.0,413000.0,1081.0,457.0,109.0,60.5,141.0
W920x1077,,2.28,15.69,137000.0,23800.0,44800.0,416.0,53400.0,1530.0,6770.0,106.0,10700.0,326000.0,353000.0,1061.0,451.0,99.1,55.0,131.0
W920x970,,2.48,17.26,124000.0,21000.0,40300.0,412.0,47700.0,1340.0,6000.0,104.0,9490.0,243000.0,304000.0,1043.0,446.0,89.9,50.0,121.0
W920x787,,2.96,21.11,100000.0,16500.0,32600.0,405.0,38000.0,1030.0,4730.0,102.0,7420.0,134000.0,227000.0,1011.0,437.0,73.9,40.9,105.0
W920x725,,3.19,22.65,92300.0,14900.0,29900.0,402.0,34700.0,932.0,4290.0,100.0,6730.0,106000.0,202000.0,999.0,434.0,68.1,38.1,100.0
W920x656,,3.48,25.01,83500.0,13400.0,27100.0,400.0,31300.0,830.0,3850.0,99.7,6020.0,79500.0,178000.0,987.0,431.0,62.0,34.5,94.0
W920x588,,3.82,27.85,74800.0,11800.0,24200.0,397.0,27800.0,728.0,3410.0,98.60000000000001,5310.0,58100.0,154000.0,975.0,427.0,55.9,31.0,87.0
W920x537,,4.16,30.38,68200.0,10700.0,22100.0,395.0,25300.0,656.0,3080.0,98.0,4790.0,44500.0,137000.0,965.0,425.0,51.1,28.4,83.0
W920x491,,4.49,33.32,62300.0,9660.0,20200.0,394.0,23000.0,590.0,2800.0,97.30000000000001,4340.0,34400.0,122000.0,957.0,422.0,47.0,25.9,79.0
W920x449,,4.95,35.94,57100.0,8750.0,18500.0,391.0,20900.0,540.0,2550.0,97.2,3950.0,26300.0,111000.0,948.0,423.0,42.7,24.0,74.0
W920x420,,5.29,38.36,53400.0,8130.0,17300.0,390.0,19500.0,501.0,2370.0,96.80000000000001,3670.0,21500.0,102000.0,943.0,422.0,39.9,22.5,71.0
W920x390,,5.74,40.51,49400.0,7420.0,15800.0,387.0,17900.0,453.0,2160.0,95.7,3330.0,16900.0,91500.0,936.0,420.0,36.6,21.3,68.0
W920x368,,6.11,42.48,46600.0,6920.0,14900.0,386.0,16800.0,421.0,2010.0,95.10000000000001,3100.0,14100.0,84700.0,931.0,419.0,34.3,20.3,66.0
W920x344,,6.53,44.72,43700.0,6450.0,13900.0,384.0,15700.0,390.0,1870.0,94.5,2880.0,11600.0,78100.0,927.0,418.0,32.0,19.3,64.0
W920x576,,2.48,23.91,73300.0,11000.0,22200.0,388.0,26300.0,365.0,2270.0,70.60000000000001,3660.0,71300.0,78600.0,993.0,322.0,65.0,36.1,86.0
W920x521,,2.71,26.16,66400.0,9820.0,20000.0,385.0,23600.0,321.0,2010.0,69.60000000000001,3240.0,53400.0,68300.0,981.0,319.0,58.9,33.0,79.0
W920x474,,2.92,28.76,60400.0,8860.0,18200.0,383.0,21400.0,287.0,1810.0,68.9,2900.0,41000.0,60200.0,971.0,316.0,54.1,30.0,75.0
W920x425,,3.19,32.08,54200.0,7880.0,16400.0,381.0,19100.0,252.0,1610.0,68.2,2560.0,30300.0,52400.0,961.0,313.0,49.0,26.9,70.0
W920x381,,3.53,35.38,48600.0,6960.0,14600.0,379.0,17000.0,219.0,1410.0,67.2,2240.0,21800.0,45100.0,951.0,310.0,43.9,24.4,75.0
W920x345,,3.86,39.06,43900.0,6250.0,13300.0,377.0,15300.0,195.0,1270.0,66.7,2000.0,16400.0,39800.0,943.0,308.0,39.9,22.1,71.0
W920x313,,4.48,40.9,39800.0,5480.0,11800.0,371.0,13600.0,170.0,1100.0,65.4,1750.0,11500.0,34300.0,932.0,309.0,34.5,21.1,66.0
W920x289,,4.81,44.48,36700.0,5040.0,10900.0,370.0,12500.0,156.0,1020.0,65.3,1600.0,9160.0,31300.0,927.0,308.0,32.0,19.4,64.0
W920x271,,5.12,46.9,34600.0,4710.0,10200.0,369.0,11800.0,145.0,946.0,64.8,1490.0,7630.0,28900.0,923.0,307.0,30.0,18.4,62.0
W920x253,,5.48,49.9,32300.0,4370.0,9510.0,368.0,10900.0,134.0,874.0,64.3,1370.0,6210.0,26500.0,919.0,306.0,27.9,17.3,59.0
W920x238,,5.89,52.32,30300.0,4060.0,8870.0,366.0,10200.0,123.0,806.0,63.7,1270.0,5100.0,24300.0,915.0,305.0,25.9,16.5,57.0
W920x223,,6.36,54.29,28500.0,3760.0,8260.0,363.0,9520.0,112.0,738.0,62.7,1160.0,4180.0,22100.0,911.0,304.0,23.9,15.9,55.0
W920x201,,7.56,56.76,25600.0,3250.0,7190.0,356.0,8340.0,94.4,621.0,60.7,982.0,2880.0,18400.0,903.0,304.0,20.1,15.2,52.0
W840x576,,3.55,24.91,73400.0,10100.0,22200.0,371.0,25600.0,672.0,3270.0,95.7,5100.0,61700.0,123000.0,913.0,411.0,57.9,32.0,89.0
W840x527,,3.85,27.01,67300.0,9150.0,20300.0,369.0,23300.0,607.0,2970.0,95.0,4620.0,47800.0,110000.0,903.0,409.0,53.1,29.5,85.0
W840x473,,4.23,30.19,60400.0,8130.0,18200.0,367.0,20800.0,537.0,2640.0,94.30000000000001,4100.0,35100.0,95800.0,893.0,406.0,48.0,26.4,80.0
W840x433,,4.6,32.67,55300.0,7360.0,16600.0,365.0,18900.0,484.0,2390.0,93.5,3710.0,27000.0,85500.0,885.0,404.0,43.9,24.4,75.0
W840x392,,5.03,36.07,50000.0,6600.0,15000.0,363.0,17000.0,430.0,2140.0,92.7,3310.0,20300.0,75300.0,877.0,401.0,39.9,22.1,71.0
W840x359,,5.66,37.76,45800.0,5920.0,13600.0,359.0,15400.0,389.0,1930.0,92.10000000000001,2980.0,15100.0,67400.0,868.0,403.0,35.6,21.1,67.0
W840x329,,6.19,40.47,42000.0,5360.0,12400.0,357.0,14000.0,349.0,1740.0,91.10000000000001,2690.0,11600.0,60000.0,862.0,401.0,32.4,19.7,64.0
W840x299,,6.85,43.77,38200.0,4800.0,11200.0,355.0,12700.0,312.0,1560.0,90.4,2410.0,8660.0,53200.0,855.0,400.0,29.2,18.2,61.0
W840x251,,4.71,46.88,31900.0,3860.0,9000.0,348.0,10300.0,129.0,884.0,63.6,1380.0,7350.0,22100.0,859.0,292.0,31.0,17.0,63.0
W840x226,,5.49,49.53,28900.0,3400.0,7990.0,343.0,9160.0,114.0,774.0,62.800000000000004,1210.0,5140.0,19300.0,851.0,294.0,26.8,16.1,58.0
W840x210,,6.0,51.77,26800.0,3110.0,7340.0,340.0,8430.0,103.0,700.0,61.800000000000004,1100.0,4050.0,17300.0,846.0,293.0,24.4,15.4,56.0
W840x193,,6.73,54.19,24700.0,2780.0,6630.0,336.0,7620.0,90.3,618.0,60.5,971.0,3050.0,15100.0,840.0,292.0,21.7,14.7,53.0
W840x176,,7.77,56.96,22400.0,2460.0,5900.0,331.0,6810.0,78.2,536.0,59.1,844.0,2220.0,13000.0,835.0,292.0,18.8,14.0,50.0
W760x582,,3.19,20.84,74300.0,8620.0,20400.0,341.0,23800.0,644.0,3250.0,93.2,5080.0,72200.0,98300.0,843.0,396.0,62.0,34.5,94.0
W760x531,,3.45,22.83,67700.0,7770.0,18600.0,339.0,21600.0,578.0,2940.0,92.4,4580.0,55600.0,87000.0,833.0,393.0,56.9,31.5,88.0
W760x484,,3.74,24.79,61800.0,6990.0,17000.0,336.0,19500.0,517.0,2650.0,91.4,4120.0,42800.0,76800.0,823.0,390.0,52.1,29.0,84.0
W760x434,,4.12,27.76,55300.0,6190.0,15200.0,334.0,17400.0,455.0,2350.0,90.7,3650.0,31300.0,66800.0,813.0,387.0,47.0,25.9,79.0
W760x389,,4.59,30.47,49600.0,5450.0,13600.0,332.0,15500.0,399.0,2070.0,89.80000000000001,3210.0,22500.0,57800.0,803.0,385.0,41.9,23.6,73.0
W760x350,,5.01,34.07,44600.0,4870.0,12200.0,330.0,13900.0,355.0,1860.0,89.10000000000001,2870.0,16800.0,50800.0,795.0,382.0,38.1,21.1,70.0
W760x314,,5.75,36.51,40200.0,4290.0,10900.0,327.0,12300.0,316.0,1640.0,88.7,2540.0,11800.0,44700.0,786.0,384.0,33.4,19.7,65.0
W760x284,,6.35,39.93,36300.0,3830.0,9820.0,325.0,11100.0,280.0,1470.0,87.9,2260.0,8750.0,39300.0,779.0,382.0,30.1,18.0,62.0
W760x257,,7.03,43.3,32900.0,3430.0,8880.0,323.0,9970.0,250.0,1310.0,87.2,2020.0,6510.0,34800.0,773.0,381.0,27.1,16.6,59.0
W760x220,,4.43,43.58,28100.0,2780.0,7140.0,315.0,8190.0,94.4,710.0,58.0,1110.0,6050.0,13200.0,779.0,266.0,30.0,16.5,62.0
W760x196,,5.28,46.1,25100.0,2400.0,6240.0,309.0,7170.0,81.7,610.0,57.1,959.0,4040.0,11300.0,770.0,268.0,25.4,15.6,57.0
W760x185,,5.66,48.24,23500.0,2230.0,5820.0,308.0,6690.0,75.1,563.0,56.5,884.0,3330.0,10300.0,766.0,267.0,23.6,14.9,55.0
W760x173,,6.18,49.92,22100.0,2060.0,5400.0,305.0,6210.0,68.7,515.0,55.7,810.0,2690.0,9420.0,762.0,267.0,21.6,14.4,53.0
W760x161,,6.89,52.13,20400.0,1860.0,4900.0,302.0,5660.0,60.7,457.0,54.5,720.0,2070.0,8280.0,758.0,266.0,19.3,13.8,51.0
W760x147,,7.79,54.47,18700.0,1660.0,4410.0,298.0,5100.0,52.9,399.0,53.1,631.0,1560.0,7160.0,753.0,265.0,17.0,13.2,49.0
W760x134,,8.52,60.42,17000.0,1500.0,4010.0,297.0,4630.0,47.7,361.0,53.0,568.0,1180.0,6430.0,750.0,264.0,15.5,11.9,47.0
W690x802,,2.15,12.92,102000.0,10600.0,25700.0,322.0,30900.0,875.0,4520.0,92.60000000000001,7140.0,203000.0,119000.0,826.0,387.0,89.9,50.0,121.0
W690x548,,2.95,18.4,69700.0,6710.0,17400.0,310.0,20300.0,543.0,2920.0,88.2,4560.0,69600.0,68200.0,772.0,372.0,63.0,35.1,95.0
W690x500,,3.19,20.19,63600.0,6050.0,15900.0,308.0,18400.0,487.0,2640.0,87.5,4110.0,53700.0,60300.0,762.0,369.0,57.9,32.0,89.0
W690x457,,3.46,21.89,58200.0,5450.0,14500.0,306.0,16800.0,439.0,2390.0,86.80000000000001,3720.0,41600.0,53600.0,752.0,367.0,53.1,29.5,85.0
W690x419,,3.71,24.01,53200.0,4940.0,13300.0,305.0,15300.0,395.0,2170.0,86.10000000000001,3370.0,32400.0,47700.0,744.0,364.0,49.0,26.9,81.0
W690x384,,4.02,25.94,48900.0,4470.0,12200.0,303.0,13900.0,357.0,1970.0,85.4,3050.0,25200.0,42600.0,736.0,362.0,45.0,24.9,77.0
W690x350,,4.4,27.97,44600.0,4020.0,11000.0,300.0,12600.0,319.0,1770.0,84.60000000000001,2740.0,19100.0,37600.0,728.0,360.0,40.9,23.1,72.0
W690x323,,4.71,30.61,41200.0,3700.0,10200.0,300.0,11600.0,294.0,1640.0,84.5,2530.0,15300.0,34400.0,722.0,359.0,38.1,21.1,70.0
W690x289,,5.24,34.0,36700.0,3250.0,9100.0,298.0,10300.0,256.0,1440.0,83.60000000000001,2220.0,10900.0,29600.0,714.0,356.0,34.0,19.0,66.0
W690x265,,5.93,35.09,33700.0,2900.0,8220.0,294.0,9290.0,231.0,1290.0,82.9,1990.0,8110.0,26400.0,706.0,358.0,30.2,18.4,62.0
W690x240,,6.5,38.46,30600.0,2610.0,7450.0,292.0,8390.0,206.0,1160.0,82.2,1780.0,6080.0,23400.0,701.0,356.0,27.4,16.8,59.0
W690x217,,7.16,41.91,27700.0,2340.0,6740.0,291.0,7570.0,185.0,1040.0,81.7,1600.0,4560.0,20800.0,695.0,355.0,24.8,15.4,56.0
W690x192,,4.55,41.69,24400.0,1980.0,5640.0,285.0,6460.0,76.4,602.0,56.0,941.0,4610.0,8680.0,702.0,254.0,27.9,15.5,59.0
W690x170,,5.42,44.54,21600.0,1700.0,4900.0,280.0,5620.0,66.2,517.0,55.300000000000004,809.0,3040.0,7410.0,693.0,256.0,23.6,14.5,55.0
W690x152,,6.02,49.3,19400.0,1510.0,4380.0,279.0,5000.0,57.8,455.0,54.6,710.0,2200.0,6420.0,688.0,254.0,21.1,13.1,53.0
W690x140,,6.72,52.11,17800.0,1360.0,3980.0,276.0,4550.0,51.7,407.0,53.900000000000006,636.0,1670.0,5720.0,684.0,254.0,18.9,12.4,50.0
W690x125,,7.76,55.16,16000.0,1180.0,3500.0,272.0,4010.0,44.1,349.0,52.5,546.0,1170.0,4830.0,678.0,253.0,16.3,11.7,48.0
W610x551,,2.51,14.84,70200.0,5570.0,15700.0,282.0,18600.0,484.0,2790.0,83.0,4380.0,83800.0,49900.0,711.0,347.0,69.1,38.6,101.0
W610x498,,2.72,16.32,63500.0,4950.0,14200.0,279.0,16700.0,426.0,2480.0,81.9,3890.0,63200.0,43100.0,699.0,343.0,63.0,35.1,95.0
W610x455,,2.94,17.91,57900.0,4440.0,12900.0,277.0,15100.0,381.0,2240.0,81.10000000000001,3500.0,48800.0,37900.0,689.0,340.0,57.9,32.0,89.0
W610x415,,3.18,19.42,52900.0,4000.0,11800.0,275.0,13700.0,343.0,2030.0,80.5,3160.0,37700.0,33600.0,679.0,338.0,53.1,29.5,85.0
W610x372,,3.49,21.7,47400.0,3530.0,10600.0,273.0,12200.0,302.0,1800.0,79.80000000000001,2800.0,27700.0,29100.0,669.0,335.0,48.0,26.4,80.0
W610x341,,3.79,23.49,43400.0,3180.0,9630.0,271.0,11100.0,271.0,1630.0,79.0,2520.0,21300.0,25800.0,661.0,333.0,43.9,24.4,75.0
W610x307,,4.14,25.94,39100.0,2840.0,8690.0,269.0,9930.0,240.0,1450.0,78.2,2240.0,15900.0,22500.0,653.0,330.0,39.9,22.1,71.0
W610x285,,4.43,27.81,36300.0,2610.0,8060.0,268.0,9170.0,221.0,1340.0,77.9,2070.0,12800.0,20500.0,647.0,329.0,37.1,20.6,69.0
W610x262,,4.81,30.16,33300.0,2360.0,7360.0,266.0,8350.0,198.0,1210.0,77.2,1870.0,9900.0,18300.0,641.0,327.0,34.0,19.0,66.0
W610x241,,5.31,32.01,30800.0,2150.0,6780.0,264.0,7670.0,184.0,1120.0,77.4,1730.0,7700.0,16800.0,635.0,329.0,31.0,17.9,63.0
W610x217,,5.92,34.7,27800.0,1910.0,6070.0,262.0,6850.0,163.0,995.0,76.7,1530.0,5600.0,14700.0,628.0,328.0,27.7,16.5,59.0
W610x195,,6.7,37.22,24900.0,1680.0,5400.0,260.0,6070.0,142.0,871.0,75.60000000000001,1340.0,3970.0,12700.0,622.0,327.0,24.4,15.4,56.0
W610x174,,7.52,40.91,22200.0,1470.0,4780.0,257.0,5360.0,124.0,761.0,74.7,1170.0,2800.0,10900.0,616.0,325.0,21.6,14.0,53.0
W610x155,,8.53,45.12,19700.0,1290.0,4220.0,256.0,4730.0,108.0,666.0,73.9,1020.0,1950.0,9450.0,611.0,324.0,19.0,12.7,51.0
W610x153,,4.6,40.94,19600.0,1250.0,4020.0,253.0,4600.0,50.0,437.0,50.5,682.0,2950.0,4470.0,623.0,229.0,24.9,14.0,56.0
W610x140,,5.18,43.71,17900.0,1120.0,3630.0,250.0,4150.0,45.1,392.0,50.300000000000004,613.0,2180.0,3990.0,617.0,230.0,22.2,13.1,54.0
W610x125,,5.84,48.13,15900.0,985.0,3220.0,249.0,3670.0,39.3,343.0,49.7,535.0,1540.0,3450.0,612.0,229.0,19.6,11.9,51.0
W610x113,,6.59,51.2,14400.0,875.0,2880.0,246.0,3290.0,34.3,300.0,48.7,469.0,1120.0,2990.0,608.0,228.0,17.3,11.2,49.0
W610x101,,7.65,54.59,13000.0,764.0,2530.0,243.0,2900.0,29.5,259.0,47.7,404.0,781.0,2550.0,603.0,228.0,14.9,10.5,46.0
W610x92,,5.97,52.57,11800.0,646.0,2140.0,234.0,2510.0,14.4,161.0,35.0,258.0,710.0,1250.0,603.0,179.0,15.0,10.9,38.0
W610x82,,6.95,57.34,10400.0,560.0,1870.0,232.0,2200.0,12.1,136.0,34.0,218.0,488.0,1040.0,599.0,178.0,12.8,10.0,35.0
W530x409,,2.94,16.19,52100.0,3170.0,10300.0,247.0,12100.0,325.0,1990.0,79.10000000000001,3100.0,41300.0,25300.0,613.0,327.0,55.6,31.0,87.0
W530x369,,3.21,17.99,46900.0,2810.0,9310.0,245.0,10800.0,287.0,1770.0,78.30000000000001,2750.0,30800.0,21900.0,603.0,324.0,50.5,27.9,82.0
W530x332,,3.54,19.76,42200.0,2480.0,8350.0,242.0,9660.0,254.0,1580.0,77.60000000000001,2440.0,22600.0,19000.0,593.0,322.0,45.5,25.4,77.0
W530x300,,3.85,21.74,38200.0,2210.0,7550.0,241.0,8670.0,225.0,1410.0,76.7,2180.0,17000.0,16600.0,585.0,319.0,41.4,23.1,73.0
W530x272,,4.22,23.78,34600.0,1970.0,6820.0,239.0,7790.0,200.0,1260.0,76.10000000000001,1950.0,12800.0,14600.0,577.0,317.0,37.6,21.1,69.0
W530x248,,4.57,26.42,31400.0,1770.0,6220.0,238.0,7060.0,180.0,1140.0,75.7,1760.0,9770.0,13000.0,571.0,315.0,34.5,19.0,66.0
W530x219,,5.45,27.41,27900.0,1510.0,5390.0,233.0,6110.0,157.0,986.0,75.0,1520.0,6420.0,11000.0,560.0,318.0,29.2,18.3,61.0
W530x196,,6.01,30.39,25000.0,1340.0,4840.0,231.0,5460.0,139.0,877.0,74.4,1350.0,4700.0,9640.0,554.0,316.0,26.3,16.5,58.0
W530x182,,6.45,33.04,23100.0,1240.0,4480.0,231.0,5040.0,127.0,808.0,74.2,1240.0,3740.0,8820.0,551.0,315.0,24.4,15.2,56.0
W530x165,,7.05,35.83,21100.0,1110.0,4060.0,230.0,4550.0,114.0,726.0,73.4,1110.0,2830.0,7790.0,546.0,313.0,22.2,14.0,54.0
W530x150,,7.68,39.56,19200.0,1010.0,3710.0,229.0,4150.0,103.0,659.0,73.2,1010.0,2160.0,7030.0,543.0,312.0,20.3,12.7,52.0
W530x138,,4.53,34.14,17600.0,861.0,3140.0,221.0,3610.0,38.7,362.0,46.900000000000006,569.0,2500.0,2670.0,549.0,214.0,23.6,14.7,44.0
W530x123,,5.0,38.29,15700.0,761.0,2800.0,220.0,3210.0,33.8,319.0,46.400000000000006,499.0,1800.0,2310.0,544.0,212.0,21.2,13.1,42.0
W530x109,,5.61,43.22,13900.0,667.0,2480.0,219.0,2830.0,29.5,280.0,46.1,437.0,1260.0,2000.0,539.0,211.0,18.8,11.6,39.0
W530x101,,6.03,46.07,12900.0,617.0,2300.0,219.0,2620.0,26.9,256.0,45.6,400.0,1020.0,1820.0,537.0,210.0,17.4,10.9,38.0
W530x92,,6.7,49.2,11800.0,552.0,2070.0,217.0,2360.0,23.8,228.0,44.900000000000006,355.0,762.0,1590.0,533.0,209.0,15.6,10.2,36.0
W530x82,,7.86,52.78,10500.0,477.0,1810.0,213.0,2060.0,20.3,194.0,44.0,303.0,518.0,1340.0,528.0,209.0,13.3,9.5,34.0
W530x72,,9.5,55.8,9170.0,401.0,1530.0,209.0,1760.0,16.2,156.0,42.0,245.0,338.0,1060.0,524.0,207.0,10.9,9.0,31.0
W530x85,,5.03,48.74,10800.0,485.0,1810.0,212.0,2100.0,12.6,152.0,34.2,242.0,737.0,849.0,535.0,166.0,16.5,10.3,37.0
W530x74,,6.1,51.73,9520.0,411.0,1550.0,208.0,1810.0,10.4,125.0,33.1,200.0,480.0,692.0,529.0,166.0,13.6,9.7,34.0
W530x66,,7.24,56.43,8370.0,351.0,1340.0,205.0,1560.0,8.57,104.0,32.0,166.0,320.0,565.0,525.0,165.0,11.4,8.9,32.0
W460x464,,2.19,11.08,59100.0,2900.0,10200.0,222.0,12400.0,331.0,2170.0,74.9,3400.0,73100.0,20500.0,567.0,305.0,69.6,38.6,91.0
W460x421,,2.38,12.02,53700.0,2570.0,9250.0,219.0,11100.0,293.0,1940.0,73.9,3030.0,55700.0,17700.0,555.0,302.0,63.5,35.6,85.0
W460x384,,2.56,13.18,48900.0,2290.0,8420.0,217.0,10000.0,261.0,1750.0,73.10000000000001,2730.0,42700.0,15500.0,545.0,299.0,58.4,32.5,80.0
W460x349,,2.76,14.5,44400.0,2040.0,7640.0,214.0,9010.0,233.0,1570.0,72.3,2440.0,32800.0,13500.0,535.0,296.0,53.6,29.5,75.0
W460x315,,3.02,15.91,40000.0,1800.0,6850.0,212.0,8020.0,204.0,1390.0,71.4,2160.0,24300.0,11600.0,525.0,293.0,48.5,26.9,70.0
W460x286,,3.28,17.55,36400.0,1610.0,6230.0,210.0,7240.0,183.0,1260.0,70.9,1940.0,18600.0,10200.0,517.0,291.0,44.4,24.4,66.0
W460x260,,3.58,18.95,33100.0,1440.0,5650.0,208.0,6530.0,163.0,1130.0,70.10000000000001,1740.0,14100.0,8950.0,509.0,289.0,40.4,22.6,62.0
W460x235,,3.92,20.77,29900.0,1270.0,5080.0,206.0,5840.0,145.0,1010.0,69.5,1550.0,10500.0,7790.0,501.0,287.0,36.6,20.6,58.0
W460x213,,4.25,23.14,27100.0,1140.0,4620.0,205.0,5270.0,129.0,909.0,69.10000000000001,1400.0,7970.0,6890.0,495.0,285.0,33.5,18.5,55.0
W460x193,,4.64,25.18,24600.0,1020.0,4190.0,204.0,4750.0,115.0,816.0,68.5,1250.0,6030.0,6060.0,489.0,283.0,30.5,17.0,52.0
W460x177,,5.32,25.8,22600.0,910.0,3780.0,201.0,4280.0,105.0,735.0,68.2,1130.0,4400.0,5440.0,482.0,286.0,26.9,16.6,49.0
W460x158,,5.94,28.55,20100.0,796.0,3350.0,199.0,3770.0,91.4,643.0,67.4,989.0,3110.0,4670.0,476.0,284.0,23.9,15.0,46.0
W460x144,,6.4,31.46,18400.0,726.0,3080.0,199.0,3450.0,83.6,591.0,67.4,906.0,2440.0,4230.0,472.0,283.0,22.1,13.6,44.0
W460x128,,7.19,35.07,16400.0,637.0,2730.0,197.0,3050.0,73.3,520.0,67.0,796.0,1710.0,3670.0,467.0,282.0,19.6,12.2,41.0
W460x113,,8.09,39.67,14400.0,556.0,2400.0,196.0,2670.0,63.3,452.0,66.3,691.0,1180.0,3150.0,463.0,280.0,17.3,10.8,39.0
W460x106,,4.71,33.95,13500.0,488.0,2080.0,190.0,2390.0,25.1,259.0,43.2,405.0,1460.0,1260.0,469.0,194.0,20.6,12.6,42.0
W460x97,,5.08,37.54,12300.0,445.0,1910.0,190.0,2180.0,22.8,237.0,43.1,368.0,1130.0,1140.0,466.0,193.0,19.0,11.4,41.0
W460x89,,5.42,40.72,11400.0,409.0,1770.0,190.0,2010.0,20.9,218.0,42.900000000000006,339.0,905.0,1040.0,463.0,192.0,17.7,10.5,39.0
W460x82,,5.97,43.23,10400.0,370.0,1610.0,188.0,1830.0,18.6,195.0,42.2,303.0,690.0,918.0,460.0,191.0,16.0,9.9,38.0
W460x74,,6.55,47.56,9450.0,332.0,1460.0,188.0,1650.0,16.6,175.0,41.900000000000006,271.0,516.0,813.0,457.0,190.0,14.5,9.0,36.0
W460x68,,5.0,47.05,8730.0,297.0,1290.0,184.0,1490.0,9.4,122.0,32.800000000000004,192.0,508.0,463.0,459.0,154.0,15.4,9.1,37.0
W460x60,,5.75,53.55,7580.0,255.0,1120.0,183.0,1280.0,7.96,104.0,32.4,163.0,334.0,388.0,455.0,153.0,13.3,8.0,35.0
W460x52,,7.04,56.37,6620.0,212.0,942.0,179.0,1090.0,6.34,83.4,30.900000000000002,131.0,209.0,306.0,450.0,152.0,10.8,7.6,32.0
W410x149,,5.3,25.57,19000.0,618.0,2870.0,180.0,3250.0,77.7,586.0,63.900000000000006,900.0,3210.0,3200.0,431.0,265.0,25.0,14.9,47.0
W410x132,,5.92,28.62,16800.0,538.0,2530.0,179.0,2850.0,67.4,512.0,63.300000000000004,785.0,2250.0,2730.0,425.0,263.0,22.2,13.3,44.0
W410x114,,6.76,32.88,14600.0,461.0,2200.0,178.0,2460.0,57.2,439.0,62.7,671.0,1480.0,2300.0,420.0,261.0,19.3,11.6,41.0
W410x100,,7.69,38.12,12700.0,398.0,1920.0,177.0,2130.0,49.5,381.0,62.5,581.0,993.0,1960.0,415.0,260.0,16.9,10.0,39.0
W410x85,,4.97,34.92,10800.0,315.0,1510.0,171.0,1720.0,18.0,199.0,40.800000000000004,310.0,924.0,717.0,417.0,181.0,18.2,10.9,40.0
W410x74,,5.63,39.28,9540.0,275.0,1330.0,170.0,1510.0,15.6,173.0,40.400000000000006,269.0,636.0,614.0,413.0,180.0,16.0,9.7,38.0
W410x67,,6.22,43.32,8600.0,245.0,1200.0,169.0,1360.0,13.8,154.0,40.1,239.0,468.0,540.0,410.0,179.0,14.4,8.8,36.0
W410x60,,6.95,49.53,7580.0,216.0,1060.0,169.0,1190.0,12.0,135.0,39.900000000000006,209.0,327.0,468.0,407.0,178.0,12.8,7.7,34.0
W410x54,,8.12,50.83,6800.0,186.0,923.0,165.0,1050.0,10.1,114.0,38.5,177.0,225.0,388.0,403.0,177.0,10.9,7.5,32.0
W410x46,,6.25,54.37,5890.0,156.0,772.0,163.0,884.0,5.14,73.4,29.5,115.0,192.0,197.0,403.0,140.0,11.2,7.0,33.0
W410x39,,7.95,59.59,4990.0,126.0,634.0,159.0,730.0,4.04,57.6,28.400000000000002,90.6,110.0,154.0,399.0,140.0,8.8,6.4,30.0
W360x1299,,1.7,3.2,165000.0,7550.0,25200.0,214.0,33200.0,2540.0,10700.0,124.0,16700.0,944000.0,135000.0,600.0,476.0,140.0,100.0,172.0
W360x1202,,1.81,3.37,153000.0,6640.0,22900.0,208.0,30000.0,2290.0,9710.0,122.0,15200.0,762000.0,116000.0,580.0,471.0,130.0,95.0,162.0
W360x1086,,1.82,4.09,139000.0,5960.0,20900.0,207.0,27200.0,1960.0,8650.0,119.0,13400.0,605000.0,96700.0,569.0,454.0,125.0,78.0,157.0
W360x990,,1.95,4.45,126000.0,5190.0,18900.0,203.0,24300.0,1730.0,7740.0,117.0,12000.0,469000.0,82000.0,550.0,448.0,115.0,71.9,147.0
W360x900,,2.08,4.84,115000.0,4500.0,17000.0,198.0,21600.0,1530.0,6940.0,116.0,10700.0,364000.0,69200.0,531.0,442.0,106.0,65.9,138.0
W360x818,,2.25,5.29,104000.0,3920.0,15300.0,194.0,19300.0,1360.0,6200.0,114.0,9560.0,278000.0,58900.0,514.0,437.0,97.0,60.5,129.0
W360x744,,2.43,5.76,94800.0,3420.0,13700.0,190.0,17200.0,1200.0,5550.0,112.0,8550.0,214000.0,50200.0,498.0,432.0,88.9,55.6,120.0
W360x677,,2.63,6.25,86300.0,2990.0,12400.0,186.0,15300.0,1070.0,4990.0,111.0,7680.0,164000.0,43100.0,483.0,428.0,81.5,51.2,113.0
W360x634,,2.75,6.72,80800.0,2740.0,11600.0,184.0,14200.0,983.0,4630.0,110.0,7120.0,138000.0,38700.0,474.0,424.0,77.1,47.6,109.0
W360x592,,2.91,7.12,75500.0,2500.0,10800.0,182.0,13100.0,902.0,4280.0,109.0,6570.0,114000.0,34800.0,465.0,421.0,72.3,45.0,104.0
W360x551,,3.09,7.61,70100.0,2260.0,9940.0,180.0,12100.0,825.0,3950.0,108.0,6050.0,92500.0,31000.0,455.0,418.0,67.6,42.0,99.0
W360x509,,3.32,8.2,64900.0,2050.0,9170.0,178.0,11000.0,754.0,3630.0,108.0,5550.0,73900.0,27700.0,446.0,416.0,62.7,39.1,94.0
W360x463,,3.59,8.94,59000.0,1800.0,8280.0,175.0,9880.0,670.0,3250.0,107.0,4980.0,56500.0,23900.0,435.0,412.0,57.4,35.8,89.0
W360x421,,3.89,9.75,53700.0,1600.0,7510.0,172.0,8880.0,601.0,2940.0,106.0,4490.0,43400.0,20800.0,425.0,409.0,52.6,32.8,84.0
W360x382,,4.23,10.74,48700.0,1410.0,6790.0,170.0,7960.0,536.0,2640.0,105.0,4030.0,32800.0,18200.0,416.0,406.0,48.0,29.8,80.0
W360x347,,4.62,11.75,44200.0,1250.0,6140.0,168.0,7140.0,481.0,2380.0,104.0,3630.0,24800.0,15900.0,407.0,404.0,43.7,27.2,75.0
W360x314,,5.06,12.84,39900.0,1100.0,5530.0,166.0,6370.0,426.0,2120.0,103.0,3240.0,18500.0,13800.0,399.0,401.0,39.6,24.9,71.0
W360x287,,5.45,14.15,36600.0,997.0,5070.0,165.0,5810.0,388.0,1940.0,103.0,2960.0,14500.0,12300.0,393.0,399.0,36.6,22.6,68.0
W360x262,,5.98,15.18,33500.0,894.0,4620.0,163.0,5260.0,350.0,1760.0,102.0,2680.0,11000.0,11000.0,387.0,398.0,33.3,21.1,65.0
W360x237,,6.54,16.91,30100.0,788.0,4150.0,162.0,4690.0,310.0,1570.0,102.0,2390.0,8180.0,9500.0,380.0,395.0,30.2,18.9,62.0
W360x216,,7.11,18.47,27500.0,711.0,3790.0,161.0,4260.0,283.0,1430.0,101.0,2180.0,6320.0,8520.0,375.0,394.0,27.7,17.3,59.0
W360x196,,7.14,19.49,25000.0,636.0,3420.0,159.0,3840.0,229.0,1220.0,95.60000000000001,1860.0,5130.0,6830.0,372.0,374.0,26.2,16.4,58.0
W360x179,,7.8,21.35,22800.0,574.0,3120.0,159.0,3480.0,207.0,1110.0,95.2,1680.0,3910.0,6120.0,368.0,373.0,23.9,15.0,55.0
W360x162,,8.51,24.09,20600.0,515.0,2830.0,158.0,3140.0,186.0,1000.0,94.9,1520.0,2940.0,5430.0,364.0,371.0,21.8,13.3,53.0
W360x147,,9.34,26.05,18800.0,463.0,2570.0,157.0,2840.0,167.0,904.0,94.30000000000001,1370.0,2230.0,4840.0,360.0,370.0,19.8,12.3,51.0
W360x134,,10.25,28.57,17100.0,415.0,2330.0,156.0,2560.0,151.0,817.0,94.0,1240.0,1680.0,4310.0,356.0,369.0,18.0,11.2,50.0
W360x122,,5.92,24.58,15500.0,365.0,2010.0,154.0,2270.0,61.5,478.0,63.0,732.0,2110.0,1790.0,363.0,257.0,21.7,13.0,44.0
W360x110,,6.43,28.09,14000.0,331.0,1840.0,154.0,2060.0,55.7,435.0,63.0,664.0,1600.0,1610.0,360.0,256.0,19.9,11.4,42.0
W360x101,,6.97,30.51,12900.0,301.0,1690.0,153.0,1880.0,50.6,397.0,62.7,605.0,1250.0,1450.0,357.0,255.0,18.3,10.5,40.0
W360x91,,7.74,33.71,11600.0,267.0,1510.0,152.0,1680.0,44.8,353.0,62.300000000000004,538.0,914.0,1270.0,353.0,254.0,16.4,9.5,38.0
W360x79,,6.1,34.09,10100.0,226.0,1280.0,150.0,1430.0,24.2,236.0,48.900000000000006,362.0,811.0,687.0,354.0,205.0,16.8,9.4,39.0
W360x72,,6.75,37.19,9100.0,201.0,1150.0,149.0,1280.0,21.4,210.0,48.5,322.0,601.0,600.0,350.0,204.0,15.1,8.6,37.0
W360x64,,7.52,41.56,8140.0,178.0,1030.0,148.0,1140.0,18.8,186.0,48.1,284.0,436.0,524.0,347.0,203.0,13.5,7.7,35.0
W360x57,,6.56,42.0,7210.0,160.0,896.0,149.0,1010.0,11.1,129.0,39.300000000000004,199.0,333.0,331.0,358.0,172.0,13.1,7.9,31.0
W360x51,,7.37,46.08,6440.0,141.0,796.0,148.0,893.0,9.68,113.0,38.800000000000004,174.0,237.0,285.0,355.0,171.0,11.6,7.2,30.0
W360x45,,8.72,48.17,5730.0,122.0,691.0,146.0,778.0,8.18,95.7,37.800000000000004,148.0,159.0,239.0,352.0,171.0,9.8,6.9,28.0
W360x39,,5.98,51.02,4980.0,102.0,580.0,143.0,662.0,3.75,58.6,27.400000000000002,91.6,150.0,110.0,353.0,128.0,10.7,6.5,29.0
W360x33,,7.47,57.24,4170.0,82.6,473.0,141.0,541.0,2.91,45.8,26.400000000000002,71.8,85.3,84.3,349.0,127.0,8.5,5.8,27.0
W310x500,,2.26,6.14,63800.0,1690.0,7910.0,163.0,9880.0,494.0,2910.0,88.0,4490.0,101000.0,15300.0,427.0,340.0,75.1,45.1,97.0
W310x454,,2.45,6.72,57800.0,1480.0,7130.0,160.0,8820.0,436.0,2600.0,86.80000000000001,4000.0,77200.0,13100.0,415.0,336.0,68.7,41.3,91.0
W310x415,,2.66,7.14,52900.0,1300.0,6450.0,157.0,7900.0,391.0,2340.0,86.0,3610.0,59500.0,11300.0,403.0,334.0,62.7,38.9,85.0
W310x375,,2.88,7.81,47700.0,1130.0,5770.0,154.0,7000.0,344.0,2080.0,84.80000000000001,3210.0,44900.0,9570.0,391.0,330.0,57.2,35.4,79.0
W310x342,,3.12,8.49,43700.0,1010.0,5260.0,152.0,6330.0,310.0,1890.0,84.2,2910.0,34900.0,8420.0,382.0,328.0,52.6,32.6,74.0
W310x313,,3.36,9.25,39900.0,896.0,4790.0,150.0,5720.0,277.0,1700.0,83.30000000000001,2620.0,27000.0,7350.0,374.0,325.0,48.3,30.0,70.0
W310x283,,3.65,10.29,36000.0,787.0,4310.0,148.0,5100.0,246.0,1530.0,82.60000000000001,2340.0,20300.0,6330.0,365.0,322.0,44.1,26.9,66.0
W310x253,,4.03,11.34,32200.0,682.0,3830.0,146.0,4490.0,215.0,1350.0,81.60000000000001,2060.0,14800.0,5370.0,356.0,319.0,39.6,24.4,61.0
W310x226,,4.45,12.52,28900.0,596.0,3420.0,144.0,3970.0,189.0,1190.0,81.0,1830.0,10800.0,4620.0,348.0,317.0,35.6,22.1,57.0
W310x202,,4.95,13.8,25800.0,520.0,3050.0,142.0,3510.0,166.0,1050.0,80.2,1610.0,7730.0,3960.0,341.0,315.0,31.8,20.1,54.0
W310x179,,5.57,15.38,22800.0,445.0,2670.0,140.0,3050.0,144.0,919.0,79.5,1400.0,5370.0,3340.0,333.0,313.0,28.1,18.0,50.0
W310x158,,6.18,17.86,20000.0,386.0,2360.0,139.0,2670.0,125.0,805.0,78.9,1220.0,3770.0,2840.0,327.0,310.0,25.1,15.5,47.0
W310x143,,6.75,19.8,18200.0,348.0,2150.0,138.0,2420.0,113.0,729.0,78.60000000000001,1110.0,2860.0,2540.0,323.0,309.0,22.9,14.0,45.0
W310x129,,7.48,21.13,16500.0,308.0,1940.0,137.0,2160.0,100.0,652.0,78.0,991.0,2130.0,2220.0,318.0,308.0,20.6,13.1,42.0
W310x118,,8.21,23.24,15000.0,275.0,1750.0,136.0,1950.0,90.2,588.0,77.60000000000001,893.0,1600.0,1970.0,314.0,307.0,18.7,11.9,41.0
W310x107,,9.0,25.41,13600.0,248.0,1590.0,135.0,1760.0,81.2,531.0,77.2,806.0,1210.0,1760.0,311.0,306.0,17.0,10.9,39.0
W310x97,,9.9,28.0,12300.0,222.0,1440.0,134.0,1590.0,72.9,478.0,76.9,725.0,909.0,1560.0,308.0,305.0,15.4,9.9,37.0
W310x86,,7.79,30.48,11000.0,198.0,1280.0,134.0,1420.0,44.5,351.0,63.6,533.0,874.0,961.0,310.0,254.0,16.3,9.1,38.0
W310x79,,8.7,31.45,10000.0,177.0,1150.0,133.0,1280.0,39.9,314.0,63.0,478.0,655.0,847.0,306.0,254.0,14.6,8.8,36.0
W310x74,,6.29,29.51,9430.0,164.0,1060.0,132.0,1180.0,23.4,229.0,49.900000000000006,350.0,718.0,505.0,310.0,205.0,16.3,9.4,38.0
W310x67,,6.99,32.56,8450.0,144.0,942.0,131.0,1050.0,20.7,203.0,49.5,310.0,522.0,439.0,306.0,204.0,14.6,8.5,36.0
W310x60,,7.75,36.91,7530.0,128.0,842.0,130.0,933.0,18.3,180.0,49.300000000000004,275.0,378.0,384.0,303.0,203.0,13.1,7.5,35.0
W310x52,,6.33,38.24,6670.0,118.0,747.0,133.0,837.0,10.3,123.0,39.2,189.0,308.0,237.0,317.0,167.0,13.2,7.6,31.0
W310x45,,7.41,44.03,5690.0,99.2,634.0,132.0,708.0,8.55,103.0,38.800000000000004,158.0,191.0,195.0,313.0,166.0,11.2,6.6,29.0
W310x39,,8.51,50.1,4940.0,85.1,549.0,131.0,610.0,7.27,88.1,38.400000000000006,135.0,126.0,164.0,310.0,165.0,9.7,5.8,27.0
W310x33,,4.72,44.15,4180.0,65.0,415.0,125.0,480.0,1.92,37.6,21.400000000000002,59.6,122.0,43.8,313.0,102.0,10.8,6.6,24.0
W310x28,,5.73,48.53,3610.0,54.3,351.0,123.0,407.0,1.58,31.0,20.900000000000002,49.2,75.7,35.6,309.0,102.0,8.9,6.0,22.0
W310x24,,7.54,52.07,3040.0,42.7,280.0,119.0,328.0,1.16,22.9,19.5,36.7,42.5,25.7,305.0,101.0,6.7,5.6,20.0
W310x21,,8.86,57.18,2690.0,37.0,244.0,117.0,287.0,0.983,19.5,19.1,31.2,29.4,21.7,303.0,101.0,5.7,5.1,19.0
W250x167,,4.17,11.74,21300.0,300.0,2080.0,119.0,2430.0,98.8,746.0,68.10000000000001,1140.0,6310.0,1630.0,289.0,265.0,31.8,19.2,52.0
W250x149,,4.63,13.02,19000.0,259.0,1840.0,117.0,2130.0,86.2,656.0,67.4,1000.0,4510.0,1390.0,282.0,263.0,28.4,17.3,49.0
W250x131,,5.2,14.6,16700.0,221.0,1610.0,115.0,1850.0,74.5,571.0,66.8,870.0,3120.0,1160.0,275.0,261.0,25.1,15.4,46.0
W250x115,,5.86,16.65,14600.0,189.0,1410.0,114.0,1600.0,64.1,495.0,66.2,753.0,2130.0,976.0,269.0,259.0,22.1,13.5,43.0
W250x101,,6.56,18.89,12900.0,164.0,1240.0,113.0,1400.0,55.5,432.0,65.60000000000001,656.0,1490.0,829.0,264.0,257.0,19.6,11.9,40.0
W250x89,,7.4,21.07,11400.0,143.0,1100.0,112.0,1230.0,48.4,378.0,65.10000000000001,574.0,1040.0,713.0,260.0,256.0,17.3,10.7,38.0
W250x80,,8.17,23.91,10200.0,126.0,982.0,111.0,1090.0,43.1,338.0,65.0,513.0,757.0,623.0,256.0,255.0,15.6,9.4,36.0
W250x73,,8.94,26.12,9280.0,113.0,891.0,110.0,985.0,38.8,306.0,64.60000000000001,463.0,575.0,553.0,253.0,254.0,14.2,8.6,35.0
W250x67,,6.5,25.35,8550.0,104.0,806.0,110.0,901.0,22.2,218.0,51.0,332.0,625.0,324.0,257.0,204.0,15.7,8.9,36.0
W250x58,,7.52,28.13,7420.0,87.3,693.0,108.0,770.0,18.8,186.0,50.400000000000006,283.0,409.0,268.0,252.0,203.0,13.5,8.0,34.0
W250x49,,9.18,30.41,6250.0,70.6,572.0,106.0,633.0,15.1,150.0,49.2,228.0,241.0,211.0,247.0,202.0,11.0,7.4,32.0
W250x45,,5.69,31.58,5720.0,71.1,534.0,111.0,602.0,7.03,95.1,35.1,146.0,261.0,113.0,266.0,148.0,13.0,7.6,29.0
W250x39,,6.56,36.3,4920.0,60.1,459.0,110.0,513.0,5.94,80.8,34.7,124.0,169.0,93.4,262.0,147.0,11.2,6.6,27.0
W250x33,,8.02,39.31,4170.0,48.9,379.0,108.0,424.0,4.73,64.7,33.7,99.5,98.5,73.2,258.0,146.0,9.1,6.1,24.0
W250x28,,5.1,37.5,3630.0,40.0,307.0,105.0,353.0,1.78,34.8,22.1,54.7,96.7,27.7,260.0,102.0,10.0,6.4,24.0
W250x25,,6.07,39.38,3230.0,34.2,266.0,103.0,307.0,1.49,29.2,21.5,46.2,65.2,23.0,257.0,102.0,8.4,6.1,22.0
W250x22,,7.39,41.41,2850.0,28.9,227.0,101.0,263.0,1.23,24.0,20.700000000000003,38.1,43.4,18.7,254.0,102.0,6.9,5.8,20.0
W250x18,,9.53,50.08,2270.0,22.4,179.0,99.30000000000001,207.0,0.913,18.1,20.0,28.6,22.4,13.8,251.0,101.0,5.3,4.8,19.0
W200x100,,4.43,12.52,12700.0,113.0,989.0,94.5,1150.0,36.6,349.0,53.800000000000004,533.0,2090.0,386.0,229.0,210.0,23.7,14.5,40.0
W200x86,,5.07,13.91,11000.0,94.7,853.0,92.60000000000001,981.0,31.4,300.0,53.300000000000004,458.0,1390.0,318.0,222.0,209.0,20.6,13.0,37.0
W200x71,,5.92,17.76,9100.0,76.6,709.0,91.7,803.0,25.4,246.0,52.800000000000004,375.0,817.0,250.0,216.0,206.0,17.4,10.2,34.0
W200x59,,7.22,19.96,7560.0,61.1,582.0,89.9,653.0,20.4,199.0,52.0,303.0,463.0,196.0,210.0,205.0,14.2,9.1,31.0
W200x52,,8.1,22.89,6650.0,52.7,512.0,89.0,569.0,17.8,175.0,51.800000000000004,266.0,323.0,167.0,206.0,204.0,12.6,7.9,29.0
W200x46,,9.23,25.14,5860.0,45.4,448.0,88.10000000000001,495.0,15.3,151.0,51.2,229.0,220.0,141.0,203.0,203.0,11.0,7.2,28.0
W200x42,,7.03,25.19,5310.0,40.9,399.0,87.7,445.0,9.0,108.0,41.2,165.0,222.0,84.0,205.0,166.0,11.8,7.2,26.0
W200x36,,8.09,29.13,4570.0,34.4,342.0,86.7,379.0,7.64,92.6,40.900000000000006,141.0,145.0,69.6,201.0,165.0,10.2,6.2,25.0
W200x31,,6.57,29.63,4000.0,31.4,299.0,88.60000000000001,335.0,4.1,61.1,32.0,93.8,119.0,40.9,210.0,134.0,10.2,6.4,24.0
W200x27,,7.92,32.79,3390.0,25.8,249.0,87.30000000000001,279.0,3.3,49.6,31.200000000000003,76.1,71.3,32.5,207.0,133.0,8.4,5.8,22.0
W200x22,,6.38,30.65,2860.0,20.0,194.0,83.60000000000001,222.0,1.42,27.8,22.3,43.7,56.6,13.9,206.0,102.0,8.0,6.2,22.0
W200x19,,7.85,32.76,2480.0,16.6,163.0,81.7,187.0,1.15,22.6,21.6,35.6,36.2,11.1,203.0,102.0,6.5,5.8,20.0
W200x15,,9.62,44.09,1900.0,12.7,127.0,81.80000000000001,145.0,0.869,17.4,21.400000000000002,27.1,17.6,8.24,200.0,100.0,5.2,4.3,19.0
W150x37,,6.64,17.14,4730.0,22.2,274.0,68.5,310.0,7.07,91.8,38.7,140.0,192.0,40.0,162.0,154.0,11.6,8.1,25.0
W150x30,,8.23,20.97,3790.0,17.1,218.0,67.3,244.0,5.56,72.6,38.300000000000004,111.0,100.0,30.3,157.0,153.0,9.3,6.6,23.0
W150x22,,11.52,23.93,2840.0,12.0,159.0,65.10000000000001,176.0,3.87,50.9,36.9,77.5,41.5,20.4,152.0,152.0,6.6,5.8,20.0
W150x24,,4.95,21.12,3050.0,13.4,168.0,66.3,191.0,1.83,35.8,24.5,55.2,92.3,10.2,160.0,102.0,10.3,6.6,24.0
W150x18,,7.18,23.93,2280.0,9.15,120.0,63.300000000000004,136.0,1.26,24.7,23.5,38.2,36.9,6.7,153.0,102.0,7.1,5.8,21.0
W150x14,,9.09,32.33,1730.0,6.85,91.3,63.0,102.0,0.918,18.4,23.0,28.3,16.8,4.79,150.0,100.0,5.5,4.3,19.0
W150x13,,10.2,32.14,1610.0,6.13,82.8,61.7,93.0,0.818,16.4,22.5,25.3,13.6,4.19,148.0,100.0,4.9,4.3,18.0
W130x28,,5.87,15.83,3570.0,10.9,167.0,55.300000000000004,190.0,3.81,59.6,32.7,90.7,127.0,13.8,131.0,128.0,10.9,6.9,23.0
W130x24,,6.98,17.84,3010.0,8.79,138.0,54.1,156.0,3.11,49.0,32.2,74.5,76.2,10.8,127.0,127.0,9.1,6.1,21.0
W100x19,,5.85,12.45,2470.0,4.76,89.8,43.900000000000006,103.0,1.61,31.2,25.5,47.9,62.9,3.79,106.0,103.0,8.8,7.1,21.0
